Workbook

Sheet SL INT
A1: TANGGAL | B1: YEAR | C1: MONTH | D1: LOP | E1: TEUS | F1: %
A2: 01/2022 | B2: =YEAR(A2) -> 2022 | C2: =MONTH(A2) -> 1 | D2: CMA | E2: 12085 | F2: =(E290-E2)/E290 -> 0.14641899
A3: 01/2022 | B3: =YEAR(A3) -> 2022 | C3: =MONTH(A3) -> 1 | D3: EMC | E3: 12494 | F3: =(E291-E3)/E291 -> 0.081391074
A4: 01/2022 | B4: =YEAR(A4) -> 2022 | C4: =MONTH(A4) -> 1 | D4: MSK | E4: 14065 | F4: =(E292-E4)/E292 -> -0.42228739
A5: 01/2022 | B5: =YEAR(A5) -> 2022 | C5: =MONTH(A5) -> 1 | D5: MSC | E5: 11120 | F5: =(E293-E5)/E293 -> -0.034033848
A6: 01/2022 | B6: =YEAR(A6) -> 2022 | C6: =MONTH(A6) -> 1 | D6: ONE | E6: 12015 | F6: =(E294-E6)/E294 -> -0.13434668
A7: 01/2022 | B7: =YEAR(A7) -> 2022 | C7: =MONTH(A7) -> 1 | D7: WHL | E7: 6221 | F7: =(E295-E7)/E295 -> 0.12157583
A8: 01/2022 | B8: =YEAR(A8) -> 2022 | C8: =MONTH(A8) -> 1 | D8: COSCO | E8: 10768 | F8: =(E296-E8)/E296 -> -0.5480161
A9: 01/2022 | B9: =YEAR(A9) -> 2022 | C9: =MONTH(A9) -> 1 | D9: OOCL | E9: 5100 | F9: =(E297-E9)/E297 -> 0.043690231
A10: 01/2022 | B10: =YEAR(A10) -> 2022 | C10: =MONTH(A10) -> 1 | D10: RCL | E10: 618 | F10: =(E298-E10)/E298 -> 0.81791397
A11: 01/2022 | B11: =YEAR(A11) -> 2022 | C11: =MONTH(A11) -> 1 | D11: HAPAG | E11: 0 | F11: 0
A12: 01/2022 | B12: =YEAR(A12) -> 2022 | C12: =MONTH(A12) -> 1 | D12: SITC | E12: 4174 | F12: =(E300-E12)/E300 -> -0.23967924
A13: 01/2022 | B13: =YEAR(A13) -> 2022 | C13: =MONTH(A13) -> 1 | D13: KMTC | E13: 3316 | F13: =(E301-E13)/E301 -> -0.97852029
A14: 01/2022 | B14: =YEAR(A14) -> 2022 | C14: =MONTH(A14) -> 1 | D14: YML | E14: 2275 | F14: =(E302-E14)/E302 -> 0.1296863
A15: 01/2022 | B15: =YEAR(A15) -> 2022 | C15: =MONTH(A15) -> 1 | D15: GSL | E15: 1186 | F15: =(E303-E15)/E303 -> 0.22635356
A16: 01/2022 | B16: =YEAR(A16) -> 2022 | C16: =MONTH(A16) -> 1 | D16: OTHERS | E16: 2347 | F16: =(E304-E16)/E304 -> 0.27561728
A17: 01/2022 | B17: =YEAR(A17) -> 2022 | C17: =MONTH(A17) -> 1 | D17: SSL | E17: 2157 | F17: =(E305-E17)/E305 -> -1.5678571
A18: 01/2022 | B18: =YEAR(A18) -> 2022 | C18: =MONTH(A18) -> 1 | D18: PIL | E18: 2262 | F18: =(E306-E18)/E306 -> -1.2987805
A19: 01/2022 | B19: =YEAR(A19) -> 2022 | C19: =MONTH(A19) -> 1 | D19: ANL | E19: 0 | F19: 0
A20: 01/2022 | B20: =YEAR(A20) -> 2022 | C20: =MONTH(A20) -> 1 | D20: HMM | E20: 1559 | F20: =(E308-E20)/E308 -> -2.6425234
A21: 01/2022 | B21: =YEAR(A21) -> 2022 | C21: =MONTH(A21) -> 1 | D21: XCL | E21: 1542 | F21: =(E309-E21)/E309 -> -6.7487437
A22: 01/2022 | B22: =YEAR(A22) -> 2022 | C22: =MONTH(A22) -> 1 | D22: MELL | E22: 255 | F22: 0
A23: 01/2022 | B23: =YEAR(A23) -> 2022 | C23: =MONTH(A23) -> 1 | D23: BEN | E23: 0 | F23: 0
A24: 01/2022 | B24: =YEAR(A24) -> 2022 | C24: =MONTH(A24) -> 1 | D24: KRL | E24: 0 | F24: 0
A25: 44593 | B25: =YEAR(A25) -> 2022 | C25: =MONTH(A25) -> 2 | D25: KSL | E25: 0 | F25: 0
A26: 44594 | B26: =YEAR(A26) -> 2022 | C26: =MONTH(A26) -> 2 | D26: CMA | E26: 25419 | F26: =(E314-E26)/E314 -> 0.028956718
A27: 44595 | B27: =YEAR(A27) -> 2022 | C27: =MONTH(A27) -> 2 | D27: EMC | E27: 26036 | F27: =(E315-E27)/E315 -> 0.012291351
A28: 44596 | B28: =YEAR(A28) -> 2022 | C28: =MONTH(A28) -> 2 | D28: MSK | E28: 27297 | F28: =(E316-E28)/E316 -> -0.17240046
A29: 44597 | B29: =YEAR(A29) -> 2022 | C29: =MONTH(A29) -> 2 | D29: MSC | E29: 22751 | F29: =(E317-E29)/E317 -> -0.20305642
A30: 44598 | B30: =YEAR(A30) -> 2022 | C30: =MONTH(A30) -> 2 | D30: ONE | E30: 21359 | F30: =(E318-E30)/E318 -> -0.072885272
A31: 44599 | B31: =YEAR(A31) -> 2022 | C31: =MONTH(A31) -> 2 | D31: WHL | E31: 13712 | F31: =(E319-E31)/E319 -> 0.022874653
A32: 44600 | B32: =YEAR(A32) -> 2022 | C32: =MONTH(A32) -> 2 | D32: COSCO | E32: 23893 | F32: =(E320-E32)/E320 -> -0.67964851
A33: 44601 | B33: =YEAR(A33) -> 2022 | C33: =MONTH(A33) -> 2 | D33: OOCL | E33: 9161 | F33: =(E321-E33)/E321 -> 0.1717747
A34: 44602 | B34: =YEAR(A34) -> 2022 | C34: =MONTH(A34) -> 2 | D34: RCL | E34: 1061 | F34: =(E322-E34)/E322 -> 0.84415394
A35: 44603 | B35: =YEAR(A35) -> 2022 | C35: =MONTH(A35) -> 2 | D35: HAPAG | E35: 0 | F35: 0
A36: 44604 | B36: =YEAR(A36) -> 2022 | C36: =MONTH(A36) -> 2 | D36: SITC | E36: 7321 | F36: =(E324-E36)/E324 -> -0.23311437
A37: 44605 | B37: =YEAR(A37) -> 2022 | C37: =MONTH(A37) -> 2 | D37: KMTC | E37: 5047 | F37: =(E325-E37)/E325 -> -0.48005865
A38: 44606 | B38: =YEAR(A38) -> 2022 | C38: =MONTH(A38) -> 2 | D38: YML | E38: 4176 | F38: =(E326-E38)/E326 -> 0.2141513
A39: 44607 | B39: =YEAR(A39) -> 2022 | C39: =MONTH(A39) -> 2 | D39: GSL | E39: 2395 | F39: =(E327-E39)/E327 -> 0.25851393
A40: 44608 | B40: =YEAR(A40) -> 2022 | C40: =MONTH(A40) -> 2 | D40: OTHERS | E40: 4257 | F40: =(E328-E40)/E328 -> 0.32126913
A41: 44609 | B41: =YEAR(A41) -> 2022 | C41: =MONTH(A41) -> 2 | D41: SSL | E41: 3774 | F41: =(E329-E41)/E329 -> -1.2160893
A42: 44610 | B42: =YEAR(A42) -> 2022 | C42: =MONTH(A42) -> 2 | D42: PIL | E42: 4322 | F42: =(E330-E42)/E330 -> -0.76624438
A43: 44611 | B43: =YEAR(A43) -> 2022 | C43: =MONTH(A43) -> 2 | D43: ANL | E43: 0 | F43: =(E331-E43)/E331 -> 1
A44: 44612 | B44: =YEAR(A44) -> 2022 | C44: =MONTH(A44) -> 2 | D44: HMM | E44: 3142 | F44: =(E332-E44)/E332 -> -2.5664018
A45: 44613 | B45: =YEAR(A45) -> 2022 | C45: =MONTH(A45) -> 2 | D45: XCL | E45: 2448 | F45: =(E333-E45)/E333 -> -4.44
A46: 44614 | B46: =YEAR(A46) -> 2022 | C46: =MONTH(A46) -> 2 | D46: MELL | E46: 261 | F46: =(E334-E46)/E334 -> -2.2625
A47: 44615 | B47: =YEAR(A47) -> 2022 | C47: =MONTH(A47) -> 2 | D47: BEN | E47: 0 | F47: 0
A48: 44616 | B48: =YEAR(A48) -> 2022 | C48: =MONTH(A48) -> 2 | D48: KRL | E48: 206 | F48: =(E336-E48)/E336 -> -1.9428571
A49: 44617 | B49: =YEAR(A49) -> 2022 | C49: =MONTH(A49) -> 2 | D49: KSL | E49: 0 | F49: 0
A50: 44621 | B50: =YEAR(A50) -> 2022 | C50: =MONTH(A50) -> 3 | D50: CMA | E50: 34294 | F50: =(E338-E50)/E338 -> 0.19408737
A51: 44622 | B51: =YEAR(A51) -> 2022 | C51: =MONTH(A51) -> 3 | D51: EMC | E51: 38881 | F51: =(E339-E51)/E339 -> 0.11388395
A52: 44623 | B52: =YEAR(A52) -> 2022 | C52: =MONTH(A52) -> 3 | D52: MSK | E52: 41446 | F52: =(E340-E52)/E340 -> -0.14019257
A53: 44624 | B53: =YEAR(A53) -> 2022 | C53: =MONTH(A53) -> 3 | D53: MSC | E53: 32928 | F53: =(E341-E53)/E341 -> -0.11055649
A54: 44625 | B54: =YEAR(A54) -> 2022 | C54: =MONTH(A54) -> 3 | D54: ONE | E54: 32622 | F54: =(E342-E54)/E342 -> -0.032243774
A55: 44626 | B55: =YEAR(A55) -> 2022 | C55: =MONTH(A55) -> 3 | D55: WHL | E55: 17560 | F55: =(E343-E55)/E343 -> 0.29267703
A56: 44627 | B56: =YEAR(A56) -> 2022 | C56: =MONTH(A56) -> 3 | D56: COSCO | E56: 34027 | F56: =(E344-E56)/E344 -> -0.55338964
A57: 44628 | B57: =YEAR(A57) -> 2022 | C57: =MONTH(A57) -> 3 | D57: OOCL | E57: 14084 | F57: =(E345-E57)/E345 -> 0.18353623
A58: 44629 | B58: =YEAR(A58) -> 2022 | C58: =MONTH(A58) -> 3 | D58: RCL | E58: 2672 | F58: =(E346-E58)/E346 -> 0.73229135
A59: 44630 | B59: =YEAR(A59) -> 2022 | C59: =MONTH(A59) -> 3 | D59: HAPAG | E59: 6210 | F59: =(E347-E59)/E347 -> 0.32257009
A60: 44631 | B60: =YEAR(A60) -> 2022 | C60: =MONTH(A60) -> 3 | D60: SITC | E60: 10680 | F60: =(E348-E60)/E348 -> -0.17311072
A61: 44632 | B61: =YEAR(A61) -> 2022 | C61: =MONTH(A61) -> 3 | D61: KMTC | E61: 8354 | F61: =(E349-E61)/E349 -> -0.46330356
... A70: 44641 | B70: =YEAR(A70) -> 2022 | C70: =MONTH(A70) -> 3 | D70: MELL | E70: 269 | F70: =(E358-E70)/E358 -> 0.23142857
A71: 44642 | B71: =YEAR(A71) -> 2022 | C71: =MONTH(A71) -> 3 | D71: BEN | E71: 0 | F71: 0
A72: 44643 | B72: =YEAR(A72) -> 2022 | C72: =MONTH(A72) -> 3 | D72: KRL | E72: 112 | F72: =(E360-E72)/E360 -> -0.6
A73: 44644 | B73: =YEAR(A73) -> 2022 | C73: =MONTH(A73) -> 3 | D73: KSL | E73: 0 | F73: 0
A74: 44652 | B74: =YEAR(A74) -> 2022 | C74: =MONTH(A74) -> 4 | D74: CMA | E74: 48138 | F74: =(E362-E74)/E362 -> 0.18310481
A75: 44653 | B75: =YEAR(A75) -> 2022 | C75: =MONTH(A75) -> 4 | D75: EMC | E75: 55238 | F75: =(E363-E75)/E363 -> 0.009326016
A76: 44654 | B76: =YEAR(A76) -> 2022 | C76: =MONTH(A76) -> 4 | D76: MSK | E76: 61173 | F76: =(E364-E76)/E364 -> -0.17796692
A77: 44655 | B77: =YEAR(A77) -> 2022 | C77: =MONTH(A77) -> 4 | D77: MSC | E77: 41616 | F77: =(E365-E77)/E365 -> -0.052131264
A78: 44656 | B78: =YEAR(A78) -> 2022 | C78: =MONTH(A78) -> 4 | D78: ONE | E78: 42913 | F78: =(E366-E78)/E366 -> -0.052588977
A79: 44657 | B79: =YEAR(A79) -> 2022 | C79: =MONTH(A79) -> 4 | D79: WHL | E79: 22810 | F79: =(E367-E79)/E367 -> 0.27345119
A80: 44658 | B80: =YEAR(A80) -> 2022 | C80: =MONTH(A80) -> 4 | D80: COSCO | E80: 45728 | F80: =(E368-E80)/E368 -> -0.64934175
A81: 44659 | B81: =YEAR(A81) -> 2022 | C81: =MONTH(A81) -> 4 | D81: OOCL | E81: 18000 | F81: =(E369-E81)/E369 -> 0.17823229
A82: 44660 | B82: =YEAR(A82) -> 2022 | C82: =MONTH(A82) -> 4 | D82: RCL | E82: 5811 | F82: =(E370-E82)/E370 -> 0.54026899
A83: 44661 | B83: =YEAR(A83) -> 2022 | C83: =MONTH(A83) -> 4 | D83: HAPAG | E83: 8478 | F83: =(E371-E83)/E371 -> 0.29672335
A84: 44662 | B84: =YEAR(A84) -> 2022 | C84: =MONTH(A84) -> 4 | D84: SITC | E84: 13846 | F84: =(E372-E84)/E372 -> -0.14505458
A85: 44663 | B85: =YEAR(A85) -> 2022 | C85: =MONTH(A85) -> 4 | D85: KMTC | E85: 10478 | F85: =(E373-E85)/E373 -> -0.3823219
... A94: 44672 | B94: =YEAR(A94) -> 2022 | C94: =MONTH(A94) -> 4 | D94: MELL | E94: 480 | F94: =(E382-E94)/E382 -> -0.37142857
A95: 44673 | B95: =YEAR(A95) -> 2022 | C95: =MONTH(A95) -> 4 | D95: BEN | E95: 0 | F95: 0
A96: 44674 | B96: =YEAR(A96) -> 2022 | C96: =MONTH(A96) -> 4 | D96: KRL | E96: 318 | F96: =(E384-E96)/E384 -> -3.5428571
A97: 44675 | B97: =YEAR(A97) -> 2022 | C97: =MONTH(A97) -> 4 | D97: KSL | E97: 285 | F97: 0
A98: 44682 | B98: =YEAR(A98) -> 2022 | C98: =MONTH(A98) -> 5 | D98: CMA | E98: 60113 | F98: =(E386-E98)/E386 -> 0.24023963
A99: 44683 | B99: =YEAR(A99) -> 2022 | C99: =MONTH(A99) -> 5 | D99: EMC | E99: 65036 | F99: =(E387-E99)/E387 -> 0.11241521
A100: 44684 | B100: =YEAR(A100) -> 2022 | C100: =MONTH(A100) -> 5 | D100: MSK | E100: 75633 | F100: =(E388-E100)/E388 -> -0.14435938
A101: 44685 | B101: =YEAR(A101) -> 2022 | C101: =MONTH(A101) -> 5 | D101: MSC | E101: 50535 | F101: =(E389-E101)/E389 -> 0.074941881
A102: 44686 | B102: =YEAR(A102) -> 2022 | C102: =MONTH(A102) -> 5 | D102: ONE | E102: 52795 | F102: =(E390-E102)/E390 -> -0.00024629609
A103: 44687 | B103: =YEAR(A103) -> 2022 | C103: =MONTH(A103) -> 5 | D103: WHL | E103: 27038 | F103: =(E391-E103)/E391 -> 0.29869793
A104: 44688 | B104: =YEAR(A104) -> 2022 | C104: =MONTH(A104) -> 5 | D104: COSCO | E104: 56025 | F104: =(E392-E104)/E392 -> -0.5699434
A105: 44689 | B105: =YEAR(A105) -> 2022 | C105: =MONTH(A105) -> 5 | D105: OOCL | E105: 22510 | F105: =(E393-E105)/E393 -> 0.18204942
A106: 44690 | B106: =YEAR(A106) -> 2022 | C106: =MONTH(A106) -> 5 | D106: RCL | E106: 7563 | F106: =(E394-E106)/E394 -> 0.53711977
A107: 44691 | B107: =YEAR(A107) -> 2022 | C107: =MONTH(A107) -> 5 | D107: HAPAG | E107: 10481 | F107: =(E395-E107)/E395 -> 0.30672047
A108: 44692 | B108: =YEAR(A108) -> 2022 | C108: =MONTH(A108) -> 5 | D108: SITC | E108: 16806 | F108: =(E396-E108)/E396 -> -0.095210166
A109: 44693 | B109: =YEAR(A109) -> 2022 | C109: =MONTH(A109) -> 5 | D109: KMTC | E109: 11364 | F109: =(E397-E109)/E397 -> -0.10760234
... A118: 44702 | B118: =YEAR(A118) -> 2022 | C118: =MONTH(A118) -> 5 | D118: MELL | E118: 495 | F118: =(E406-E118)/E406 -> -0.25954198
A119: 44703 | B119: =YEAR(A119) -> 2022 | C119: =MONTH(A119) -> 5 | D119: BEN | E119: 0 | F119: 0
A120: 44704 | B120: =YEAR(A120) -> 2022 | C120: =MONTH(A120) -> 5 | D120: KRL | E120: 318 | F120: =(E408-E120)/E408 -> -3.5428571
A121: 44705 | B121: =YEAR(A121) -> 2022 | C121: =MONTH(A121) -> 5 | D121: KSL | E121: 333 | F121: 0
A122: 44713 | B122: =YEAR(A122) -> 2022 | C122: =MONTH(A122) -> 6 | D122: CMA | E122: 78840 | F122: =(E410-E122)/E410 -> 0.16646403
A123: 44714 | B123: =YEAR(A123) -> 2022 | C123: =MONTH(A123) -> 6 | D123: EMC | E123: 80647 | F123: =(E411-E123)/E411 -> 0.097211494
A124: 44715 | B124: =YEAR(A124) -> 2022 | C124: =MONTH(A124) -> 6 | D124: MSK | E124: 89453 | F124: =(E412-E124)/E412 -> -0.057664113
...

Sheet BOX. OPR PIVOT
A1: TAHUN | B1: MONTH | C1: DESCRIPTION | D1: UNIT | E1: 2022 ACTUAL | F1: 2022 BUDGET | G1: 2022 ACTUAL VS 2022 BUDGET | H1: 2023 ACTUAL | I1: 2023 BUDGET | J1: 2023 ACTUAL VS 2023 BUDGET | K1: 2024 ACTUAL | L1: 2024 BUDGET | M1: 2024 ACTUAL VS 2024 ACTUAL BUDGET | N1: 2025 ACTUAL | O1: 2025 BUDGET | P1: 2025 ACTUAL VS 2025 BUDGET | Q1: 2026 ACTUAL | R1: 2026 BUDGET | S1: 2026 ACTUAL VS 2026 BUDGET
A2: 44562 | B2: =MONTH(A2) -> 1 | C2: Kumulatif International | D2: TEUs | E2: 95784 | F2: 96409 | G2: -0.0065 | H2: 98611 | I2: 104854 | J2: -0.0595 | K2: 119547 | L2: 105043 | M2: 0.1381 | N2: 114919 | O2: 111747 | P2: =(N2/O2)-100% -> 0.02838555 | Q2: 110561 | R2: 116604 | S2: -0.0518
A3: 44593 | B3: =MONTH(A2) -> 1 | C3: International | D3: TEUs | E3: 95784 | F3: 96409 | G3: -0.0065 | H3: 98611 | I3: 104854 | J3: -0.0595 | K3: 119547 | L3: 105043 | M3: 0.1381 | N3: 114919 | O3: 111747 | P3: =(N3/O3)-100% -> 0.02838555 | Q3: 7309 | R3: 7196 | S3: 0.0157
A4: 44621 | B4: =MONTH(A2) -> 1 | C4: Kumulatif Domestic | D4: TEUs | E4: 6924 | F4: 8229 | G4: -0.1586 | H4: 4717 | I4: 7774 | J4: -0.3932 | K4: 10116 | L4: 5741 | M4: 0.7621 | N4: 5938 | O4: 7196 | P4: =(N4/O4)-100% -> -0.17481934
A5: 44652 | B5: =MONTH(A2) -> 1 | C5: Domestic | D5: TEUs | E5: 6924 | F5: 8229 | G5: -0.1586 | H5: 4717 | I5: 7774 | J5: -0.3932 | K5: 10116 | L5: 5741 | M5: 0.7621 | N5: 5938 | O5: 7196 | P5: =(N5/O5)-100% -> -0.17481934
A6: 44682 | B6: =MONTH(A3) -> 2 | C6: Kumulatif International | D6: TEUs | E6: =E7+E2 -> 212051 | F6: =F7+F2 -> 210756 | G6: =(E6/F6)-100% -> 0.0061445463 | H6: =H7+H2 -> 195430 | I6: =I7+I2 -> 207224 | J6: =(H6/I6)-100% -> -0.056914257 | K6: =K7+K2 -> 234797 | L6: =L7+L2 -> 197969 | M6: =(K6/L6)-100% -> 0.18602913 | N6: 232679 | O6: 228099 | P6: =(N6/O6)-100% -> 0.020079001
A7: 44713 | B7: =MONTH(A3) -> 2 | C7: International | D7: TEUs | E7: 116267 | F7: 114347 | G7: 0.0168 | H7: 96819 | I7: 102370 | J7: -0.0542 | K7: 115250 | L7: 92926 | M7: 0.2402 | N7: 117761 | O7: 116352 | P7: =(N7/O7)-100% -> 0.012109805
A8: 44743 | B8: =MONTH(A3) -> 2 | C8: Kumulatif Domestic | D8: TEUs | E8: =E9+E4 -> 14192 | F8: =F9+F4 -> 17028 | G8: =(E8/F8)-100% -> -0.16654921 | H8: =H9+H4 -> 8988 | I8: =I9+I4 -> 16089 | J8: =(H8/I8)-100% -> -0.44135745 | K8: =K9+K4 -> 18144 | L8: =L9+L4 -> 10820 | M8: =(K8/L8)-100% -> 0.67689464 | N8: 13651 | O8: 14329 | P8: =(N8/O8)-100% -> -0.047316631
A9: 44774 | B9: =MONTH(A3) -> 2 | C9: Domestic | D9: TEUs | E9: 7268 | F9: 8799 | G9: -0.174 | H9: 4271 | I9: 8315 | J9: -0.4863 | K9: 8028 | L9: 5079 | M9: 0.5806 | N9: 7713 | O9: 7133 | P9: =(N9/O9)-100% -> 0.081312211
A10: 44805 | B10: =MONTH(A4) -> 3 | C10: Kumulatif International | D10: TEUs | E10: =E11+E6 -> 311260 | F10: =F11+F6 -> 337015 | G10: =F10/E10-100% -> 0.082744329 | H10: =H11+H6 -> 311660 | I10: =I11+I6 -> 314431 | J10: =I10/H10-100% -> 0.0088910993 | K10: =K11+K6 -> 359917 | L10: =L11+L6 -> 298292 | M10: =L10/K10-100% -> -0.17122003 | N10: 361052 | O10: 353507 | P10: =(N10/O10)-100% -> 0.021343283
A11: 44835 | B11: =MONTH(A4) -> 3 | C11: International | D11: TEUs | E11: 99209 | F11: 126259 | G11: -0.2142 | H11: 116230 | I11: 107207 | J11: 0.0842 | K11: 125120 | L11: 100323 | M11: 0.2472 | N11: 128373 | O11: 125408 | P11: =(N11/O11)-100% -> 0.02364283
A12: 44866 | B12: =MONTH(A4) -> 3 | C12: Kumulatif Domestic | D12: TEUs | E12: =E13+E8 -> 21013 | F12: =F13+F8 -> 27067 | G12: =F12/E12-100% -> 0.28810736 | H12: =H13+H8 -> 16478 | I12: =I13+I8 -> 25574 | J12: =I12/H12-100% -> 0.55200874 | K12: =K13+K8 -> 26791 | L12: =L13+L8 -> 16008 | M12: =L12/K12-100% -> -0.40248591 | N12: 19437 | O12: 23176 | P12: =(N12/O12)-100% -> -0.16133069
A13: 44896 | B13: =MONTH(A4) -> 3 | C13: Domestic | D13: TEUs | E13: 6821 | F13: 10039 | G13: -0.3205 | H13: 7490 | I13: 9485 | J13: -0.2104 | K13: 8647 | L13: 5188 | M13: 0.6667 | N13: 5786 | O13: 8847 | P13: =(N13/O13)-100% -> -0.34599299
B14: =MONTH(A5) -> 4 | C14: Kumulatif International | D14: TEUs | E14: =E15+E10 -> 416779 | F14: =F15+F10 -> 460293 | G14: =(E14/F14)-100% -> -0.094535437 | H14: =H15+H10 -> 413882 | I14: =I15+I10 -> 418762 | J14: =(H14/I14)-100% -> -0.011653397 | K14: =K15+K10 -> 360018.59 | L14: =L15+L10 -> 298395.18 | M14: =(K14/L14)-100% -> 0.20651611 | N14: 476008 | O14: 474617 | P14: =(N14/O14)-100% -> 0.0029307842
B15: =MONTH(A5) -> 4 | C15: International | D15: TEUs | E15: 105519 | F15: 123278 | G15: -0.1441 | H15: 102222 | I15: 104331 | J15: -0.0202 | K15: 101.59 | L15: 103.179 | M15: -0.0154 | N15: 114955 | O15: 121110 | P15: =(N15/O15)-100% -> -0.050821567
B16: =MONTH(A5) -> 4 | C16: Kumulatif Domestic | D16: TEUs | E16: =E17+E12 -> 28139 | F16: =F17+F12 -> 35160 | G16: =(E16/F16)-100% -> -0.19968714 | H16: =H17+H12 -> 20994 | I16: =I17+I12 -> 33223 | J16: =(H16/I16)-100% -> -0.36808837 | K16: =K17+K12 -> 26794.697 | L16: =L17+L12 -> 16013.639 | M16: =(K16/L16)-100% -> 0.67324223 | N16: 22719 | O16: 30373 | P16: =(N16/O16)-100% -> -0.25200013
B17: =MONTH(A5) -> 4 | C17: Domestic | D17: TEUs | E17: 7126 | F17: 8093 | G17: -0.1195 | H17: 4516 | I17: 7649 | J17: -0.0202 | K17: 3.697 | L17: 5.639 | M17: -0.3444 | N17: 3282 | O17: 7197 | P17: =(N17/O17)-100% -> -0.54397666
B18: =MONTH(A6) -> 5 | C18: Kumulatif International | D18: TEUs | E18: =E19+E14 -> 516117 | F18: =F19+F14 -> 567857 | G18: =(E18/F18)-100% -> -0.091114488 | H18: =H19+H14 -> 535443 | I18: =I19+I14 -> 527669 | J18: =(H18/I18)-100% -> 0.014732721 | K18: =K19+K14 -> 492047.59 | L18: =L19+L14 -> 409164.18 | M18: =(K18/L18)-100% -> 0.20256761 | N18: 603880 | O18: 603249 | P18: =(N18/O18)-100% -> 0.0010460026
B19: =MONTH(A6) -> 5 | C19: International | D19: TEUs | E19: 99338 | F19: 107564 | G19: -0.0765 | H19: 121561 | I19: 108907 | J19: 0.1162 | K19: 132029 | L19: 110769 | M19: 0.1919 | N19: 127873 | O19: 128632 | P19: =(N19/O19)-100% -> -0.0059005535
B20: =MONTH(A6) -> 5 | C20: Kumulatif Domestic | D20: TEUs | E20: =E21+E16 -> 35138 | F20: =F21+F16 -> 40384 | G20: =(E20/F20)-100% -> -0.12990293 | H20: =H21+H16 -> 24636 | I20: =I21+I16 -> 38158 | J20: =(H20/I20)-100% -> -0.35436868 | K20: =K21+K16 -> 30839.697 | L20: =L21+L16 -> 22067.639 | M20: =(K20/L20)-100% -> 0.39750777 | N20: 28687 | O20: 36951 | P20: =(N20/O20)-100% -> -0.22364753
B21: =MONTH(A6) -> 5 | C21: Domestic | D21: TEUs | E21: 6999 | F21: 5224 | G21: 0.3398 | H21: 3642 | I21: 4935 | J21: -0.262 | K21: 4045 | L21: 6054 | M21: -0.3318 | N21: 5968 | O21: 6578 | P21: =(N21/O21)-100% -> -0.092733354
B22: =MONTH(A7) -> 6 | C22: Kumulatif International | D22: TEUs | E22: =E23+E18 -> 625946 | F22: =F23+F18 -> 684397 | G22: =(E22/F22)-100% -> -0.085405108 | H22: =H23+H18 -> 644771 | I22: =I23+I18 -> 636706 | J22: =(H22/I22)-100% -> 0.012666757 | K22: =K23+K18 -> 612060.59 | L22: =L23+L18 -> 521531.18 | M22: =(K22/L22)-100% -> 0.17358389 | N22: 734179 | O22: 730806 | P22: =(N22/O22)-100% -> 0.004615452
B23: =MONTH(A7) -> 6 | C23: International | D23: TEUs | E23: 109829 | F23: 116540 | G23: -0.0576 | H23: 109328 | I23: 109037 | J23: 0.0027 | K23: 120013 | L23: 112367 | M23: 0.068 | N23: 130299 | O23: 127557 | P23: =(N23/O23)-100% -> 0.021496272
B24: =MONTH(A7) -> 6 | C24: Kumulatif Domestic | D24: TEUs | E24: =E25+E20 -> 42298 | F24: =F25+F20 -> 45604 | G24: =(E24/F24)-100% -> -0.072493641 | H24: =H25+H20 -> 30120 | I24: =I25+I20 -> 43089 | J24: =(H24/I24)-100% -> -0.30098169 | K24: =K25+K20 -> 37643.697 | L24: =L25+L20 -> 28208.639 | M24: =(K24/L24)-100% -> 0.33447406 | N24: 34339 | O24: 44767 | P24: =(N24/O24)-100% -> -0.23293944
B25: =MONTH(A7) -> 6 | C25: Domestic | D25: TEUs | E25: 7160 | F25: 5220 | G25: 0.3716 | H25: 5484 | I25: 4931 | J25: 0.1121 | K25: 6804 | L25: 6141 | M25: 0.108 | N25: 5652 | O25: 7816 | P25: =(N25/O25)-100% -> -0.27686796
B26: =MONTH(A8) -> 7 | C26: Kumulatif International | D26: TEUs | E26: =E27+E22 -> 732329 | F26: =F27+F22 -> 792537 | G26: =(E26/F26)-100% -> -0.075968693 | H26: =H27+H22 -> 774871 | I26: =I27+I22 -> 746136 | J26: =(H26/I26)-100% -> 0.038511746 | K26: =K27+K22 -> 740980.59 | L26: =L27+L22 -> 635496.18 | M26: =(K26/L26)-100% -> 0.16598748 | N26: 867888 | O26: 866806 | P26: =(N26/O26)-100% -> 0.0012482609
B27: =MONTH(A8) -> 7 | C27: International | D27: TEUs | E27: 106383 | F27: 108140 | G27: -0.0162 | H27: 130100 | I27: 109430 | J27: 0.1889 | K27: 128920 | L27: 113965 | M27: 0.1312 | N27: 133709 | O27: 136000 | P27: =(N27/O27)-100% -> -0.016845588
B28: =MONTH(A8) -> 7 | C28: Kumulatif Domestic | D28: TEUs | E28: =E29+E24 -> 47798 | F28: =F29+F24 -> 51820 | G28: =(E28/F28)-100% -> -0.077614821 | H28: =H29+H24 -> 32584 | I28: =I29+I24 -> 48963 | J28: =(H28/I28)-100% -> -0.3345179 | K28: =K29+K24 -> 42981.697 | L28: =L29+L24 -> 34436.639 | M28: =(K28/L28)-100% -> 0.24813856 | N28: 40248 | O28: 49690 | P28: =(N28/O28)-100% -> -0.19001811
B29: =MONTH(A8) -> 7 | C29: Domestic | D29: TEUs | E29: 5500 | F29: 6216 | G29: -0.1152 | H29: 2464 | I29: 5874 | J29: -0.5805 | K29: 5338 | L29: 6228 | M29: -0.1429 | N29: 5909 | O29: 4923 | P29: =(N29/O29)-100% -> 0.20028438
B30: =MONTH(A9) -> 8 | C30: Kumulatif International | D30: TEUs | E30: =E31+E26 -> 857743 | F30: =F31+F26 -> 913249 | G30: =(E30/F30)-100% -> -0.060778605 | H30: =H31+H26 -> 889888 | I30: =I31+I26 -> 855958 | J30: =(H30/I30)-100% -> 0.039639795 | K30: =K31+K26 -> 876727.59 | L30: =L31+L26 -> 751059.18 | M30: =(K30/L30)-100% -> 0.16732158 | N30: 988526 | O30: 1005108 | P30: =(N30/O30)-100% -> -0.01649773
B31: =MONTH(A9) -> 8 | C31: International | D31: TEUs | E31: 125414 | F31: 120712 | G31: 0.039 | H31: 115017 | I31: 109822 | J31: 0.0473 | K31: 135747 | L31: 115563 | M31: 0.1747 | N31: 120637 | O31: 138302 | P31: =(N31/O31)-100% -> -0.12772773
B32: =MONTH(A9) -> 8 | C32: Kumulatif Domestic | D32: TEUs | E32: =E33+E28 -> 54527 | F32: =F33+F28 -> 57474 | G32: =(E32/F32)-100% -> -0.051275359 | H32: =H33+H28 -> 40315 | I32: =I33+I28 -> 54307 | J32: =(H32/I32)-100% -> -0.25764634 | K32: =K33+K28 -> 48905.697 | L32: =L33+L28 -> 40752.639 | M32: =(K32/L32)-100% -> 0.20006209 | N32: 44098 | O32: 58629 | P32: =(N32/O32)-100% -> -0.24784663
B33: =MONTH(A9) -> 8 | C33: Domestic | D33: TEUs | E33: 6729 | F33: 5654 | G33: 0.1901 | H33: 7731 | I33: 5344 | J33: 0.4467 | K33: 5924 | L33: 6316 | M33: -0.0621 | N33: 3850 | O33: 8939 | P33: =(N33/O33)-100% -> -0.56930305
B34: =MONTH(A10) -> 9 | C34: Kumulatif International | D34: TEUs | E34: =E35+E30 -> 955694 | F34: =F35+F30 -> 1018528 | G34: =(E34/F34)-100% -> -0.061690989 | H34: =H35+H30 -> 1009618 | I34: =I35+I30 -> 967989 | J34: =(H34/I34)-100% -> 0.043005654 | K34: =K35+K30 -> 1007075.6 | L34: =L35+L30 -> 868220.18 | M34: =(K34/L34)-100% -> 0.1599311 | N34: 1115827 | O34: 1130209 | P34: =(N34/O34)-100% -> -0.01272508
B35: =MONTH(A10) -> 9 | C35: International | D35: TEUs | E35: 97951 | F35: 105279 | G35: -0.0696 | H35: 119730 | I35: 112031 | J35: 0.0687 | K35: 130348 | L35: 117161 | M35: 0.1126 | N35: 127302 | O35: 125101 | P35: =(N35/O35)-100% -> 0.017593784
B36: =MONTH(A10) -> 9 | C36: Kumulatif Domestic | D36: TEUs | E36: =E37+E32 -> 58974 | F36: =F37+F32 -> 64904 | G36: =(E36/F36)-100% -> -0.091365709 | H36: =H37+H32 -> 47970 | I36: =I37+I32 -> 61330 | J36: =(H36/I36)-100% -> -0.21783793 | K36: =K37+K32 -> 54787.697 | L36: =L37+L32 -> 47155.639 | M36: =(K36/L36)-100% -> 0.16184826 | N36: 47883 | O36: 66110 | P36: =(N36/O36)-100% -> -0.27570715
B37: =MONTH(A10) -> 9 | C37: Domestic | D37: TEUs | E37: 4447 | F37: 7430 | G37: -0.4015 | H37: 7655 | I37: 7023 | J37: 0.09 | K37: 5882 | L37: 6403 | M37: -0.0814 | N37: 3785 | O37: 7481 | P37: =(N37/O37)-100% -> -0.4940516
B38: =MONTH(A11) -> 10 | C38: Kumulatif International | D38: TEUs | E38: =E39+E34 -> 1069456 | F38: =F39+F34 -> 1137223 | G38: =(E38/F38)-100% -> -0.059589896 | H38: =H39+H34 -> 1138338 | I38: =I39+I34 -> 1080949 | J38: =(H38/I38)-100% -> 0.053091311 | K38: =K39+K34 -> 1144012.6 | L38: =L39+L34 -> 987644.18 | M38: =(K38/L38)-100% -> 0.15832464 | N38: 1253933 | O38: 1269586 | P38: =(N38/O38)-100% -> -0.012329216
B39: =MONTH(A11) -> 10 | C39: International | D39: TEUs | E39: 113762 | F39: 118695 | G39: -0.0416 | H39: 128720 | I39: 112960 | J39: 0.1395 | K39: 136937 | L39: 119424 | M39: 0.1466 | N39: 138106 | O39: 139377 | P39: =(N39/O39)-100% -> -0.0091191517
B40: =MONTH(A11) -> 10 | C40: Kumulatif Domestic | D40: TEUs | E40: =E41+E36 -> 62749 | F40: =F41+F36 -> 73144 | G40: =(E40/F40)-100% -> -0.14211692 | H40: =H41+H36 -> 55251 | I40: =I41+I36 -> 69116 | J40: =(H40/I40)-100% -> -0.20060478 | K40: =K41+K36 -> 61043.697 | L40: =L41+L36 -> 53682.639 | M40: =(K40/L40)-100% -> 0.13712176 | N40: 53140 | O40: 72945 | P40: =(N40/O40)-100% -> -0.27150593
B41: =MONTH(A11) -> 10 | C41: Domestic | D41: TEUs | E41: 3775 | F41: 8240 | G41: -0.5419 | H41: 7281 | I41: 7786 | J41: -0.0649 | K41: 6256 | L41: 6527 | M41: -0.0415 | N41: 5257 | O41: 6835 | P41: =(N41/O41)-100% -> -0.23087052
B42: =MONTH(A12) -> 11 | C42: Kumulatif International | D42: TEUs | E42: =E43+E38 -> 1177617 | F42: =F43+F38 -> 1252475 | G42: =(E42/F42)-100% -> -0.059768059 | H42: =H43+H38 -> 1251167 | I42: =I43+I38 -> 1194431 | J42: =(H42/I42)-100% -> 0.047500442 | K42: =K43+K38 -> 1265717.6 | L42: =L43+L38 -> 1108666.2 | M42: =(K42/L42)-100% -> 0.14165798 | N42: 1379296 | O42: 1396683 | P42: =(N42/O42)-100% -> -0.01244878
B43: =MONTH(A12) -> 11 | C43: International | D43: TEUs | E43: 108161 | F43: 115252 | G43: -0.0615 | H43: 112829 | I43: 113482 | J43: -0.0058 | K43: 121705 | L43: 121022 | M43: 0.0056 | N43: 125364 | O43: 127097 | P43: =(N43/O43)-100% -> -0.013635255
B44: =MONTH(A12) -> 11 | C44: Kumulatif Domestic | D44: TEUs | E44: =E45+E40 -> 67740 | F44: =F45+F40 -> 80241 | G44: =(E44/F44)-100% -> -0.15579317 | H44: =H45+H40 -> 63824 | I44: =I45+I40 -> 75823 | J44: =(H44/I44)-100% -> -0.15825014 | K44: =K45+K40 -> 66054.697 | L44: =L45+L40 -> 60296.639 | M44: =(K44/L44)-100% -> 0.095495505 | N44: 60494 | O44: 81330 | P44: =(N44/O44)-100% -> -0.25619083
B45: =MONTH(A12) -> 11 | C45: Domestic | D45: TEUs | E45: 4991 | F45: 7097 | G45: -0.2967 | H45: 8573 | I45: 6707 | J45: -0.0058 | K45: 5011 | L45: 6614 | M45: -0.2424 | N45: 7354 | O45: 8385 | P45: =(N45/O45)-100% -> -0.12295766
B46: =MONTH(A13) -> 12 | C46: Kumulatif International | D46: TEUs | E46: =E47+E42 -> 1293496 | F46: =F47+F42 -> 1373153 | G46: =(E46/F46)-100% -> -0.058010287 | H46: =H47+H42 -> 1375929 | I46: =I47+I42 -> 1307402 | J46: =(H46/I46)-100% -> 0.052414636 | K46: 1508743 | L46: 1336985 | M46: =(K46/L46)-100% -> 0.12846666 | N46: 1509592 | O46: 1534984 | P46: =(N46/O46)-100% -> -0.016542192
B47: =MONTH(A13) -> 12 | C47: International | D47: TEUs | E47: 115879 | F47: 120678 | G47: -0.0398 | H47: 124762 | I47: 112971 | J47: 0.1044 | K47: 141540 | L47: 125243 | M47: =(K47/L47)-100% -> 0.13012304 | N47: 130295 | O47: 83315 | P47: =(N47/O47)-100% -> 0.56388405
B48: =MONTH(A13) -> 12 | C48: Kumulatif Domestic | D48: TEUs | E48: =E49+E44 -> 183619 | F48: =F49+F44 -> 200919 | G48: =(E48/F48)-100% -> -0.086104351 | H48: =H49+H44 -> 73714 | I48: =I49+I44 -> 83451 | J48: =(H48/I48)-100% -> -0.11667925 | K48: 76031 | L48: 72774 | M48: =(K48/L48)-100% -> 0.044754995 | N48: 68265 | O48: 90506 | P48: =(N48/O48)-100% -> -0.24574061
B49: =MONTH(A13) -> 12 | C49: Domestic | D49: TEUs | E49: 115879 | F49: 120678 | G49: -0.0398 | H49: 9890 | I49: 7628 | J49: 0.2965 | K49: 6283 | L49: 6844 | M49: =(K49/L49)-100% -> -0.081969608 | N49: 7771 | O49: 9176 | P49: =(N49/O49)-100% -> -0.15311683

Sheet CONT THROUGHPUT
A1: DATE | B1: YEAR | C1: MONTH | D1: TEUS | E1: CATEGORY
A2: 44562 | B2: =YEAR(A2) -> 2022 | C2: =MONTH(A2) -> 1 | D2: 95784 | E2: INTERNATIONAL
A3: 44593 | B3: =YEAR(A3) -> 2022 | C3: =MONTH(A3) -> 2 | D3: 116266.75 | E3: INTERNATIONAL
A4: 44621 | B4: =YEAR(A4) -> 2022 | C4: =MONTH(A4) -> 3 | D4: 99208.75 | E4: INTERNATIONAL
A5: 44652 | B5: =YEAR(A5) -> 2022 | C5: =MONTH(A5) -> 4 | D5: 105519 | E5: INTERNATIONAL
A6: 44682 | B6: =YEAR(A6) -> 2022 | C6: =MONTH(A6) -> 5 | D6: 99338.25 | E6: INTERNATIONAL
A7: 44713 | B7: =YEAR(A7) -> 2022 | C7: =MONTH(A7) -> 6 | D7: 109829 | E7: INTERNATIONAL
A8: 44743 | B8: =YEAR(A8) -> 2022 | C8: =MONTH(A8) -> 7 | D8: 106382.5 | E8: INTERNATIONAL
A9: 44774 | B9: =YEAR(A9) -> 2022 | C9: =MONTH(A9) -> 8 | D9: 125414.25 | E9: INTERNATIONAL
A10: 44805 | B10: =YEAR(A10) -> 2022 | C10: =MONTH(A10) -> 9 | D10: 97950.5 | E10: INTERNATIONAL
A11: 44835 | B11: =YEAR(A11) -> 2022 | C11: =MONTH(A11) -> 10 | D11: 113761.75 | E11: INTERNATIONAL
A12: 44866 | B12: =YEAR(A12) -> 2022 | C12: =MONTH(A12) -> 11 | D12: 108161.25 | E12: INTERNATIONAL
A13: 44896 | B13: =YEAR(A13) -> 2022 | C13: =MONTH(A13) -> 12 | D13: 115879 | E13: INTERNATIONAL
... A27: 45323 | B27: =YEAR(A27) -> 2024 | C27: =MONTH(A27) -> 2 | D27: 115250 | E27: INTERNATIONAL
A28: 03/2024 | B28: =YEAR(A28) -> 2024 | C28: =MONTH(A28) -> 3 | D28: 125120 | E28: INTERNATIONAL
A29: 04/2024 | B29: =YEAR(A29) -> 2024 | C29: =MONTH(A29) -> 4 | D29: 101590 | E29: INTERNATIONAL

Sheet C.THR. DOM
A1: DATE | B1: YEAR | C1: MONTH | D1: TEUS
A2: 44562 | B2: 2022 | C2: 1 | D2: 6924 | E2: DOMESTIC
A3: 44593 | B3: 2022 | C3: 2 | D3: 7268 | E3: DOMESTIC
A4: 44621 | B4: 2022 | C4: 3 | D4: 6821 | E4: DOMESTIC
A5: 44652 | B5: 2022 | C5: 4 | D5: 7126 | E5: DOMESTIC
A6: 44682 | B6: 2022 | C6: 5 | D6: 6999 | E6: DOMESTIC
A7: 44713 | B7: 2022 | C7: 6 | D7: 7160 | E7: DOMESTIC
A8: 44743 | B8: 2022 | C8: 7 | D8: 5500 | E8: DOMESTIC
A9: 44774 | B9: 2022 | C9: 8 | D9: 6729 | E9: DOMESTIC
A10: 44805 | B10: 2022 | C10: 9 | D10: 4447 | E10: DOMESTIC
A11: 44835 | B11: 2022 | C11: 10 | D11: 3775 | E11: DOMESTIC
A12: 44866 | B12: 2022 | C12: 11 | D12: 4991 | E12: DOMESTIC
A13: 44896 | B13: 2022 | C13: 12 | D13: 4954 | E13: DOMESTIC
... A27: 45323 | B27: 2024 | C27: 2 | D27: 8028 | E27: DOMESTIC
A28: 03/2024 | B28: 2024 | C28: 2 | D28: 8647 | E28: DOMESTIC
A29: 04/2024 | B29: 2024 | C29: 2 | D29: 3697 | E29: DOMESTIC

Sheet V.OPR INT
A1: DATE | B1: YEAR | C1: MONTH | D1: LOP | E1: TEUS | F1: BOX | G1: DPP | H1: BCH | I1: BSH | J1: AVERAGE CD | K1: TEUS 2023 | L1: BOX 2023 | M1: DPP 2023 | N1: BCH 2023 | O1: BSH 2023 | P1: AVERAGE CD 2023
A2: 44927 | B2: =YEAR(A2) -> 2023 | C2: =MONTH(A2) -> 1 | D2: EMC | E2: 14609 | F2: 9643 | G2: 16341982320 | H2: 28.8 | I2: 48.32 | J2: 0 | K2: 14609 | L2: 9643 | M2: Rp. 16.341.982.320 | N2: 29 | O2: 48 | P2: 0
A3: 44928 | B3: =YEAR(A3) -> 2023 | C3: =MONTH(A3) -> 1 | D3: SSL | E3: 14466 | F3: 9926 | G3: 16655410181 | H3: 36.4 | I3: 83.92 | J3: 8 | K3: 14592 | L3: 9622 | M3: 16571826414 | N3: 29 | O3: 59 | P3: 8
A4: 44929 | B4: =YEAR(A4) -> 2023 | C4: =MONTH(A4) -> 1 | D4: CNC | E4: 11401 | F4: 7403 | G4: 12972661683 | H4: 31.5 | I4: 54.21 | J4: 2 | K4: 14466 | L4: 9926 | M4: Rp. 16.655.410.181 | N4: 36 | O4: 84 | P4: 2
A5: 44930 | B5: =YEAR(A5) -> 2023 | C5: =MONTH(A5) -> 1 | D5: MSC | E5: 11061 | F5: 7657 | G5: 13168083042 | H5: 29 | I5: 52.13 | J5: 4 | K5: 11061 | L5: 7657 | M5: Rp. 13.168.083.042 | N5: 29 | O5: 52 | P5: 4
A6: 44931 | B6: =YEAR(A6) -> 2023 | C6: =MONTH(A6) -> 1 | D6: MSK | E6: 9145 | F6: 5700 | G6: 10435664983 | H6: 28.8 | I6: 74.83 | J6: 3 | K6: 9145 | L6: 5700 | M6: Rp. 10.435.664.983 | N6: 29 | O6: 75 | P6: 3
A7: 44932 | B7: =YEAR(A7) -> 2023 | C7: =MONTH(A7) -> 1 | D7: COS | E7: 8393 | F7: 5678 | G7: 9725904427 | H7: 32.7 | I7: 68.11 | J7: 4 | K7: 8393 | L7: 5678 | M7: Rp. 9.725.904.427 | N7: 33 | O7: 68 | P7: 4
A8: 44933 | B8: =YEAR(A8) -> 2023 | C8: =MONTH(A8) -> 1 | D8: WHL | E8: 7155 | F8: 4721 | G8: 8407390538 | H8: 26.5 | I8: 42.46 | J8: 4 | K8: 7155 | L8: 4721 | M8: Rp. 8.407.390.538 | N8: 26 | O8: 42 | P8: 4
A9: 44934 | B9: =YEAR(A9) -> 2023 | C9: =MONTH(A9) -> 1 | D9: PIL | E9: 5757 | F9: 3893 | G9: 6714230932 | H9: 31 | I9: 57.22 | J9: 2 | K9: 5757 | L9: 3893 | M9: Rp. 6.714.230.932 | N9: 31 | O9: 57 | P9: 2
A10: 44935 | B10: =YEAR(A10) -> 2023 | C10: =MONTH(A10) -> 1 | D10: RCL | E10: 3889 | F10: 2691 | G10: 4541270822 | H10: 23.9 | I10: 42.06 | J10: 2 | K10: 3889 | L10: 2691 | M10: Rp. 4.541.270.822 | N10: 24 | O10: 42 | P10: 2
A11: 44936 | B11: =YEAR(A11) -> 2023 | C11: =MONTH(A11) -> 1 | D11: SIT | E11: 3208 | F11: 2210 | G11: 3936766752 | H11: 24 | I11: 30.29 | J11: 3 | K11: 3208 | L11: 2210 | M11: Rp. 3.936.766.752 | N11: 24 | O11: 30 | P11: 3
A12: 44937 | B12: =YEAR(A12) -> 2023 | C12: =MONTH(A12) -> 1 | D12: CMA | E12: 3191 | F12: 2219 | G12: 3599164731 | H12: 26.9 | I12: 63.15 | J12: 2 | K12: 2132 | L12: 1400 | M12: Rp. 2.349.174.700 | N12: 27 | O12: 45 | P12: 2
A13: 44938 | B13: =YEAR(A13) -> 2023 | C13: =MONTH(A13) -> 1 | D13: YML | E13: 2132 | F13: 1400 | G13: 2349174700 | H13: 27.3 | I13: 45.25 | J13: 2 | K13: 1305 | L13: 909 | M13: Rp. 1.552.933.479 | N13: 33 | O13: 50 | P13: 2
A14: 44939 | B14: =YEAR(A14) -> 2023 | C14: =MONTH(A14) -> 1 | D14: KMT | E14: 1305 | F14: 909 | G14: 1552933479 | H14: 33 | I14: 49.57 | J14: 0 | K14: 1210 | L14: 802 | M14: Rp. 1.326.466.739 | N14: 34 | O14: 61 | P14: 0
A15: 44940 | B15: =YEAR(A15) -> 2023 | C15: =MONTH(A15) -> 1 | D15: GSL | E15: 1210 | F15: 802 | G15: 1326466739 | H15: 34.2 | I15: 60.8 | J15: 3 | K15: 975 | L15: 690 | M15: Rp. 1.125.059.378 | N15: 35 | O15: 73 | P15: 3
A16: 44941 | B16: =YEAR(A16) -> 2023 | C16: =MONTH(A16) -> 1 | D16: OOL | E16: 975 | F16: 690 | G16: 1125059378 | H16: 34.6 | I16: 72.74 | J16: 2 | K16: 911 | L16: 643 | M16: Rp. 1.087.991.525 | N16: 25 | O16: 49 | P16: 2
A17: 44941 | B17: =YEAR(A17) -> 2023 | C17: 1 | D17: ONE | E17: 911 | F17: 643 | G17: 1087991525 | H17: 25.1 | I17: 48.71
A18: 44958 | B18: =YEAR(A18) -> 2023 | C18: =MONTH(A18) -> 2 | D18: MSK | E18: 13960 | F18: 8933 | G18: 15836582394 | H18: 32 | I18: 67.57 | J18: 3 | K18: 27386 | L18: 18296 | M18: 31112551732 | N18: 35 | O18: 83 | P18: 3
A19: 44959 | B19: =YEAR(A19) -> 2023 | C19: =MONTH(A19) -> 2 | D19: SSL | E19: 12920 | F19: 8370 | G19: 14457141551 | H19: 33.7 | I19: 81.39 | J19: 7 | K19: 27012 | L19: 17854 | M19: 30458217308 | N19: 31 | O19: 60 | P19: 7
A20: 44960 | B20: =YEAR(A20) -> 2023 | C20: =MONTH(A20) -> 2 | D20: EMC | E20: 12126 | F20: 8386 | G20: 13294331286 | H20: 32.8 | I20: 56.29 | J20: 10 | K20: 26735 | L20: 18029 | M20: 29636313605 | N20: 31 | O20: 52 | P20: 10
A21: 44961 | B21: =YEAR(A21) -> 2023 | C21: =MONTH(A21) -> 2 | D21: COS | E21: 10441 | F21: 6975 | G21: 11775696904 | H21: 31 | I21: 64.34 | J21: 2 | K21: 23105 | L21: 14633 | M21: 26272247377 | N21: 30 | O21: 71 | P21: 2
A22: 44962 | B22: =YEAR(A22) -> 2023 | C22: =MONTH(A22) -> 2 | D22: CNC | E22: 10031 | F22: 6554 | G22: 11236123104 | H22: 28.8 | I22: 45.8 | J22: 4 | K22: 19461 | L22: 13607 | M22: 23177294547 | N22: 29 | O22: 49 | P22: 4
A23: 44963 | B23: =YEAR(A23) -> 2023 | C23: =MONTH(A23) -> 2 | D23: MSC | E23: 8400 | F23: 5950 | G23: 10009211505 | H23: 29.1 | I23: 45.78 | J23: 4 | K23: 18834 | L23: 12653 | M23: 21501601331 | N23: 32 | O23: 66 | P23: 4
A24: 44964 | B24: =YEAR(A24) -> 2023 | C24: =MONTH(A24) -> 2 | D24: WHL | E24: 7406 | F24: 4639 | G24: 8221317255 | H24: 24.4 | I24: 39.45 | J24: 3 | K24: 14561 | L24: 9360 | M24: 16628707793 | N24: 25 | O24: 41 | P24: 3
A25: 44965 | B25: =YEAR(A25) -> 2023 | C25: =MONTH(A25) -> 2 | D25: RCL | E25: 6379 | F25: 4462 | G25: 7159027892 | H25: 23 | I25: 44.07 | J25: 2 | K25: 10268 | L25: 7153 | M25: 11700298714 | N25: 23 | O25: 43 | P25: 2
A26: 44966 | B26: =YEAR(A26) -> 2023 | C26: =MONTH(A26) -> 2 | D26: OOL | E26: 2465 | F26: 1627 | G26: 2745250265 | H26: 27.3 | I26: 51.77 | J26: 2 | K26: 7476 | L26: 5187 | M26: 8721350865 | N26: 31 | O26: 48 | P26: 2
A27: 44967 | B27: =YEAR(A27) -> 2023 | C27: =MONTH(A27) -> 2 | D27: KMT | E27: 2410 | F27: 1778 | G27: 2897676897 | H27: 23.6 | I27: 38.54 | J27: 3 | K27: 5540 | L27: 3866 | M27: 6761959104 | N27: 24 | O27: 27 | P27: 3
A28: 44968 | B28: =YEAR(A28) -> 2023 | C28: =MONTH(A28) -> 2 | D28: CMA | E28: 2389 | F28: 1678 | G28: 2650267790 | H28: 36.1 | I28: 77.54 | J28: 2 | K28: 3715 | L28: 2687 | M28: 4450610376 | N28: 28 | O28: 44 | P28: 2
A29: 44969 | B29: =YEAR(A29) -> 2023 | C29: =MONTH(A29) -> 2 | D29: SIT | E29: 2332 | F29: 1656 | G29: 2825192352 | H29: 23.1 | I29: 24.6 | J29: 2 | K29: 3440 | L29: 2317 | M29: 3870309643 | N29: 31 | O29: 62 | P29: 2
... A93: 45087 | B93: =YEAR(A93) -> 2023 | C93: =MONTH(A93) -> 6 | D93: OOL | E93: 2513 | F93: 1734 | G93: 2782051095 | H93: 21.2 | I93: 48.24 | J93: 2 | K93: 14022 | L93: 9832 | M93: 16506778477 | N93: 25 | O93: 42 | P93: 2
A94: 45088 | B94: =YEAR(A94) -> 2023 | C94: =MONTH(A94) -> 6 | D94: ONE | E94: 2477 | F94: 1705 | G94: 2875268489 | H94: 36.5 | I94: 67.76 | J94: 2 | K94: 10615 | L94: 7168 | M94: Rp 11,452,777,869 | N94: 25 | O94: 51 | P94: 2
A95: 45089 | B95: =YEAR(A95) -> 2023 | C95: =MONTH(A95) -> 6 | D95: CMA | E95: 2306 | F95: 1513 | G95: 2475320743 | H95: 21.9 | I95: 51.23 | J95: 2 | K95: 10236 | L95: 7249 | M95: Rp 11,248,304,961 | N95: 34 | O95: 59 | P95: 2
A96: 45090 | B96: =YEAR(A96) -> 2023 | C96: =MONTH(A96) -> 6 | D96: GSL | E96: 1409 | F96: 973 | G96: 1521471111 | H96: 28.3 | I96: 60.64 | J96: 0 | K96: 8382 | L96: 5847 | M96: Rp 9,771,781,402 | N96: 30 | O96: 44 | P96: 0
A97: 45091 | B97: =YEAR(A97) -> 2023 | C97: =MONTH(A97) -> 6 | D97: YML | E97: 1176 | F97: 767 | G97: 1254782978 | H97: 24.5 | I97: 53.27 | J97: 2 | K97: 10723 | L97: 7352 | M97: Rp 11,819,763,544 | N97: 26 | O97: 56 | P97: 2
A98: 45092 | B98: =YEAR(A98) -> 2023 | C98: =MONTH(A98) -> 6 | D98: LMA | E98: 682 | F98: 505 | G98: 6.6913971e+08 | H98: 20.9 | I98: 21.55 | J98: 2 | K98: 8511 | L98: 5845 | M98: Rp 9,901,929,726 | N98: 29 | O98: 52 | P98: 2
A99: 45093 | B99: =YEAR(A99) -> 2023 | C99: =MONTH(A99) -> 6 | D99: ANL | E99: 492 | F99: 309 | G99: 536995672 | H99: 20.2 | I99: 22.91 | J99: 2 | K99: 2603 | L99: 1646 | M99: Rp3,093,903,137 | N99: 21 | O99: 17 | P99: 2
A100: 45094 | B100: =YEAR(A100) -> 2023 | C100: =MONTH(A100) -> 6 | D100: BEN | E100: 166 | F100: 117 | G100: 1.6117263e+08 | H100: 36.8 | I100: 21.33 | J100: 0 | K100: 1073 | L100: 808 | M100: Rp 1,042,143,789 | N100: 20 | O100: 20 | P100: 0
A101: 45108 | B101: =YEAR(A101) -> 2023 | C101: =MONTH(A101) -> 7 | D101: CNC | E101: 32032 | F101: 20344 | G101: 34950935638 | H101: 31.7 | I101: 73.19 | J101: 10 | K101: 152227 | L101: 98621 | M101: 167306875089 | N101: 29 | O101: 61 | P101: 10
A102: 45109 | B102: =YEAR(A102) -> 2023 | C102: =MONTH(A102) -> 7 | D102: MSK | E102: 19631 | F102: 12226 | G102: 21836793254 | H102: 30.5 | I102: 81.35 | J102: 9 | K102: 108472 | L102: 72004 | M102: 116641804089 | N102: 29 | O102: 54 | P102: 9
A103: 45110 | B103: =YEAR(A103) -> 2023 | C103: =MONTH(A103) -> 7 | D103: EMC | E103: 18295 | F103: 12289 | G103: 19280598136 | H103: 28.6 | I103: 61.13 | J103: 3 | K103: 105029 | L103: 65633 | M103: 116570096794 | N103: 31 | O103: 73 | P103: 3
A104: 45111 | B104: =YEAR(A104) -> 2023 | C104: =MONTH(A104) -> 7 | D104: COS | E104: 13119 | F104: 9070 | G104: 15543782692 | H104: 22.9 | I104: 54.62 | J104: 3 | K104: 94659 | L104: 58155 | M104: 104801005933 | N104: 32 | O104: 79 | P104: 3
A105: 45112 | B105: =YEAR(A105) -> 2023 | C105: =MONTH(A105) -> 7 | D105: MSC | E105: 12655 | F105: 8673 | G105: 14569010215 | H105: 27.4 | I105: 53.89 | J105: 5 | K105: 78511 | L105: 54784 | M105: 90629734196 | N105: 29 | O105: 58 | P105: 5
A106: 45113 | B106: =YEAR(A106) -> 2023 | C106: =MONTH(A106) -> 7 | D106: SSL | E106: 12644 | F106: 8225 | G106: 13904977780 | H106: 30.3 | I106: 79.15 | J106: 4 | K106: 78093 | L106: 53103 | M106: 89888656125 | N106: 31 | O106: 69 | P106: 4
A107: 45114 | B107: =YEAR(A107) -> 2023 | C107: =MONTH(A107) -> 7 | D107: WHL | E107: 8153 | F107: 5478 | G107: 9624091266 | H107: 31.6 | I107: 65.96 | J107: 5 | K107: 50824 | L107: 33099 | M107: 57957721080 | N107: 26 | O107: 49 | P107: 5
A108: 45115 | B108: =YEAR(A108) -> 2023 | C108: =MONTH(A108) -> 7 | D108: KMT | E108: 3706 | F108: 2611 | G108: 4424089324 | H108: 18 | I108: 39.04 | J108: 2 | K108: 19749 | L108: 13854 | M108: 24246581470 | N108: 24 | O108: 34 | P108: 2
A109: 45116 | B109: =YEAR(A109) -> 2023 | C109: =MONTH(A109) -> 7 | D109: SIT | E109: 3103 | F109: 2203 | G109: 3859352323 | H109: 21.9 | I109: 34.97 | J109: 2 | K109: 17728 | L109: 12443 | M109: 20930867801 | N109: 25 | O109: 45 | P109: 2
A110: 45117 | B110: =YEAR(A110) -> 2023 | C110: =MONTH(A110) -> 7 | D110: ONE | E110: 1288 | F110: 830 | G110: 1465193430 | H110: 33.8 | I110: 62.06 | J110: 0 | K110: 12780 | L110: 8939 | M110: 14580944558 | N110: 23 | O110: 44 | P110: 0
A111: 45118 | B111: =YEAR(A111) -> 2023 | C111: =MONTH(A111) -> 7 | D111: CMA | E111: 1270 | F111: 881 | G111: 1485786148 | H111: 33.2 | I111: 73.2 | J111: 2 | K111: 11971 | L111: 8197 | M111: 13201759660 | N111: 27 | O111: 57 | P111: 2
A112: 45119 | B112: =YEAR(A112) -> 2023 | C112: =MONTH(A112) -> 7 | D112: OOL | E112: 1248 | F112: 845 | G112: 1381996116 | H112: 17.4 | I112: 39.71 | J112: 2 | K112: 11803 | L112: 7985 | M112: 12766925076 | N112: 26 | O112: 50 | P112: 2
... A265: 45352 | B265: =YEAR(A265) -> 2024 | C265: =MONTH(A265) -> 3 | D265: WHL | E265: 8205 | F265: 5248 | G265: 9529785171 | H265: 19.44 | I265: 39.67 | J265: 0.9 | K265: 0 | L265: 0 | M265: 0 | N265: 0 | O265: 0 | P265: 0
A266: 04/2024 | B266: =YEAR(A266) -> 2024 | C266: =MONTH(A266) -> 4 | D266: ANL | E266: 225 | F266: 164 | G266: 3.5590419e+08 | H266: 16.83 | I266: 5.66 | J266: 7 | K266: 0 | L266: 0 | M266: 0 | N266: 0 | O266: 0 | P266: 0
A267: 04/2024 | B267: =YEAR(A267) -> 2024 | C267: =MONTH(A267) -> 4 | D267: CMA | E267: 1367 | F267: 946 | G267: 1890733836 | H267: 14.94 | I267: 28.27 | J267: 3.1 | K267: 0 | L267: 0 | M267: 0 | N267: 0 | O267: 0 | P267: 0
A268: 04/2024 | B268: =YEAR(A268) -> 2024 | C268: =MONTH(A268) -> 4 | D268: CNC | E268: 21259 | F268: 13245 | G268: 24885254849 | H268: 26.35 | I268: 64.36 | J268: 3.4 | K268: 0 | L268: 0 | M268: 0 | N268: 0 | O268: 0 | P268: 0
A269: 04/2024 | B269: =YEAR(A269) -> 2024 | C269: =MONTH(A269) -> 4 | D269: COS | E269: 9228 | F269: 6050 | G269: 10800948958 | H269: 28.46 | I269: 80.44 | J269: 2.6 | K269: 0 | L269: 0 | M269: 0 | N269: 0 | O269: 0 | P269: 0
A270: 04/2024 | B270: =YEAR(A270) -> 2024 | C270: =MONTH(A270) -> 4 | D270: EMC | E270: 11721 | F270: 7902 | G270: 13716442705 | H270: 23.31 | I270: 43.17 | J270: 5.2 | K270: 0 | L270: 0 | M270: 0 | N270: 0 | O270: 0 | P270: 0
A271: 04/2024 | B271: =YEAR(A271) -> 2024 | C271: =MONTH(A271) -> 4 | D271: GSL | E271: 1034 | F271: 761 | G271: 1268331088 | H271: 21.54 | I271: 47.32 | J271: 2.9 | K271: 0 | L271: 0 | M271: 0 | N271: 0 | O271: 0 | P271: 0
A272: 04/2024 | B272: =YEAR(A272) -> 2024 | C272: =MONTH(A272) -> 4 | D272: KMT | E272: 1992 | F272: 1448 | G272: 2527601857 | H272: 24.11 | I272: 42.77 | J272: 2.6 | K272: 0 | L272: 0 | M272: 0 | N272: 0 | O272: 0 | P272: 0
A273: 04/2024 | B273: =YEAR(A273) -> 2024 | C273: =MONTH(A273) -> 4 | D273: LMA | E273: 345 | F273: 207 | G273: 3.8070553e+08 | H273: 17.9 | I273: 15.34 | J273: 5.2 | K273: 0 | L273: 0 | M273: 0 | N273: 0 | O273: 0 | P273: 0
A274: 04/2024 | B274: =YEAR(A274) -> 2024 | C274: =MONTH(A274) -> 4 | D274: MSC | E274: 4032 | F274: 2754 | G274: 4871552782 | H274: 20.91 | I274: 50.24 | J274: 2.9 | K274: 0 | L274: 0 | M274: 0 | N274: 0 | O274: 0 | P274: 0
A275: 04/2024 | B275: =YEAR(A275) -> 2024 | C275: =MONTH(A275) -> 4 | D275: MSK | E275: 16631 | F275: 10281 | G275: 19830327302 | H275: 29.53 | I275: 80.39 | J275: 2.6 | K275: 0 | L275: 0 | M275: 0 | N275: 0 | O275: 0 | P275: 0
A276: 04/2024 | B276: =YEAR(A276) -> 2024 | C276: =MONTH(A276) -> 4 | D276: NSS | E276: 775 | F276: 516 | G276: 9.1383138e+08 | H276: 24.59 | I276: 51.38 | J276: 0 | K276: 0 | L276: 0 | M276: 0 | N276: 0 | O276: 0 | P276: 0
A277: 04/2024 | B277: =YEAR(A277) -> 2024 | C277: =MONTH(A277) -> 4 | D277: ONE | E277: 1900 | F277: 1400 | G277: 2311794746 | H277: 30.43 | I277: 63.41 | J277: 2 | K277: 0 | L277: 0 | M277: 0 | N277: 0 | O277: 0 | P277: 0
... A283: 04/2024 | B283: =YEAR(A283) -> 2024 | C283: =MONTH(A283) -> 4 | D283: WHL | E283: 4331 | F283: 2857 | G283: 5331497040 | H283: 21.64 | I283: 48.86 | J283: 2.6 | K283: 0 | L283: 0 | M283: 0 | N283: 0 | O283: 0 | P283: 0
A284: 45413 | B284: =YEAR(A284) -> 2024 | C284: =MONTH(A284) -> 5 | D284: ANL | E284: 445 | F284: 281 | G284: 5.744219e+08 | H284: 19.93 | I284: 8.86 | J284: 1 | K284: 0 | L284: 0 | M284: 0 | N284: 0 | O284: 0 | P284: 0
A285: 45413 | B285: =YEAR(A285) -> 2024 | C285: =MONTH(A285) -> 5 | D285: CMA | E285: 1163 | F285: 804 | G285: 1575586975 | H285: 17.14 | I285: 40.78 | J285: 8 | K285: 0 | L285: 0 | M285: 0 | N285: 0 | O285: 0 | P285: 0
A286: 45413 | B286: =YEAR(A286) -> 2024 | C286: =MONTH(A286) -> 5 | D286: CNC | E286: 24807 | F286: 15631 | G286: 29125886033 | H286: 26.81 | I286: 67.8 | J286: 1 | K286: 0 | L286: 0 | M286: 0 | N286: 0 | O286: 0 | P286: 0
A287: 45413 | B287: =YEAR(A287) -> 2024 | C287: =MONTH(A287) -> 5 | D287: COS | E287: 10182 | F287: 6586 | G287: 11788976642 | H287: 31.43 | I287: 93.39 | J287: 2 | K287: 0 | L287: 0 | M287: 0 | N287: 0 | O287: 0 | P287: 0
A288: 45413 | B288: =YEAR(A288) -> 2024 | C288: =MONTH(A288) -> 5 | D288: EMC | E288: 18527 | F288: 12488 | G288: 21300505112 | H288: 25.01 | I288: 49.97 | J288: 5 | K288: 0 | L288: 0 | M288: 0 | N288: 0 | O288: 0 | P288: 0
A289: 45413 | B289: =YEAR(A289) -> 2024 | C289: =MONTH(A289) -> 5 | D289: GSL | E289: 2641 | F289: 1843 | G289: 3062752930 | H289: 20.93 | I289: 42.11 | J289: 6 | K289: 0 | L289: 0 | M289: 0 | N289: 0 | O289: 0 | P289: 0
A290: 45413 | B290: =YEAR(A290) -> 2024 | C290: =MONTH(A290) -> 5 | D290: KMT | E290: 2934 | F290: 2055 | G290: 3714544990 | H290: 21.05 | I290: 34.49 | J290: 2 | K290: 0 | L290: 0 | M290: 0 | N290: 0 | O290: 0 | P290: 0
A291: 45413 | B291: =YEAR(A291) -> 2024 | C291: =MONTH(A291) -> 5 | D291: LMA | E291: 98 | F291: 58 | G291: 1.0253715e+08 | H291: 24.48 | I291: 14.2 | J291: 2 | K291: 0 | L291: 0 | M291: 0 | N291: 0 | O291: 0 | P291: 0
A292: 45413 | B292: =YEAR(A292) -> 2024 | C292: =MONTH(A292) -> 5 | D292: MSC | E292: 17664 | F292: 11931 | G292: 21522149399 | H292: 23.4 | I292: 57.73 | J292: 3 | K292: 0 | L292: 0 | M292: 0 | N292: 0 | O292: 0 | P292: 0
A293: 45413 | B293: =YEAR(A293) -> 2024 | C293: =MONTH(A293) -> 5 | D293: MSK | E293: 11035 | F293: 6923 | G293: 13315891938 | H293: 29.68 | I293: 78.6 | J293: 5 | K293: 0 | L293: 0 | M293: 0 | N293: 0 | O293: 0 | P293: 0
A294: 45413 | B294: =YEAR(A294) -> 2024 | C294: =MONTH(A294) -> 5 | D294: NSS | E294: 1164 | F294: 830 | G294: 1441342599 | H294: 17.52 | I294: 33.59 | J294: 1 | K294: 0 | L294: 0 | M294: 0 | N294: 0 | O294: 0 | P294: 0
A295: 45413 | B295: =YEAR(A295) -> 2024 | C295: =MONTH(A295) -> 5 | D295: ONE | E295: 7304 | F295: 4671 | G295: 8180121452 | H295: 26.74 | I295: 57.66 | J295: 2 | K295: 0 | L295: 0 | M295: 0 | N295: 0 | O295: 0 | P295: 0
... A362: 45505 | B362: =YEAR(A362) -> 2024 | C362: =MONTH(A362) -> 8 | D362: YML | E362: 958 | F362: 658 | G362: 1140330892 | H362: 19.26 | I362: 40.87 | J362: 2.4 | K362: 0 | L362: 0 | M362: 0 | N362: 0 | O362: 0 | P362: 0
A363: 45536 | B363: =YEAR(A363) -> 2024 | C363: 9 | D363: ANL | E363: 625 | F363: 462 | G363: 665972828 | H363: 20.54 | I363: 12.59 | J363: 0.8 | K363: 0 | L363: 0 | M363: 0 | N363: 0 | O363: 0 | P363: 0
A364: 45536 | B364: =YEAR(A364) -> 2024 | C364: 9 | D364: CMA | E364: 2403 | F364: 1519 | G364: 2861638942 | H364: 20.67 | I364: 36.97 | J364: 2.6 | K364: 0 | L364: 0 | M364: 0 | N364: 0 | O364: 0 | P364: 0
A365: 45536 | B365: =YEAR(A365) -> 2024 | C365: 9 | D365: CNC | E365: 18852 | F365: 11411 | G365: 21162513321 | H365: 28.47 | I365: 73.53 | J365: 0 | K365: 0 | L365: 0 | M365: 0 | N365: 0 | O365: 0 | P365: 0
A366: 45536 | B366: =YEAR(A366) -> 2024 | C366: 9 | D366: EMC | E366: 16474 | F366: 10280 | G366: 18561466186 | H366: 24.69 | I366: 49.03 | J366: 2.2 | K366: 0 | L366: 0 | M366: 0 | N366: 0 | O366: 0 | P366: 0
A367: 45536 | B367: =YEAR(A367) -> 2024 | C367: 9 | D367: GSL | E367: 1368 | F367: 994 | G367: 1609744224 | H367: 23.37 | I367: 52.9 | J367: 2.4 | K367: 0 | L367: 0 | M367: 0 | N367: 0 | O367: 0 | P367: 0
A368: 45536 | B368: =YEAR(A368) -> 2024 | C368: 9 | D368: KMT | E368: 2657 | F368: 1797 | G368: 3283409699 | H368: 21.74 | I368: 37.45 | J368: 1.9 | K368: 0 | L368: 0 | M368: 0 | N368: 0 | O368: 0 | P368: 0
A369: 45536 | B369: =YEAR(A369) -> 2024 | C369: 9 | D369: NSS | E369: 1372 | F369: 867 | G369: 1544877019 | H369: 22.05 | I369: 54.57 | J369: 2.6 | K369: 0 | L369: 0 | M369: 0 | N369: 0 | O369: 0 | P369: 0
A370: 45536 | B370: =YEAR(A370) -> 2024 | C370: 9 | D370: ONE | E370: 3026 | F370: 1908 | G370: 3508579410 | H370: 24.02 | I370: 45.76 | J370: 0.9 | K370: 0 | L370: 0 | M370: 0 | N370: 0 | O370: 0 | P370: 0
A371: 45536 | B371: =YEAR(A371) -> 2024 | C371: 9 | D371: RCL | E371: 1042 | F371: 697 | G371: 1300284275 | H371: 20.06 | I371: 30.19 | J371: 2 | K371: 0 | L371: 0 | M371: 0 | N371: 0 | O371: 0 | P371: 0
A372: 45536 | B372: =YEAR(A372) -> 2024 | C372: 9 | D372: SIT | E372: 4125 | F372: 2668 | G372: 4995180741 | H372: 17.8 | I372: 32.53 | J372: 1.9 | K372: 0 | L372: 0 | M372: 0 | N372: 0 | O372: 0 | P372: 0
A373: 45536 | B373: =YEAR(A373) -> 2024 | C373: 9 | D373: TSL | E373: 1129 | F373: 723 | G373: 1300211113 | H373: 18.29 | I373: 40.89 | J373: 2.4 | K373: 0 | L373: 0 | M373: 0 | N373: 0 | O373: 0 | P373: 0
A374: 45536 | B374: =YEAR(A374) -> 2024 | C374: 9 | D374: YML | E374: 2335 | F374: 1603 | G374: 2739440619 | H374: 20.76 | I374: 45.22 | J374: 2.4 | K374: 0 | L374: 0 | M374: 0 | N374: 0 | O374: 0 | P374: 0
... A421: 45597 | B421: =YEAR(A421) -> 2024 | C421: 11 | D421: BEN | E421: 231 | F421: 155 | G421: 268927283 | H421: 47.8 | I421: 24.26 | J421: 0.8 | K421: 0 | L421: 0 | M421: 0 | N421: 0 | O421: 0 | P421: 0
A422: 45627 | B422: =YEAR(A422) -> 2024 | C422: =MONTH(A422) -> 12 | D422: CMA | E422: 288469 | F422: 178531 | G422: 340040467321 | H422: 25 | I422: 55 | J422: 2.4 | K422: 0 | L422: 0 | M422: 0 | N422: 0 | O422: 0 | P422: 0
A423: 45628 | B423: =YEAR(A423) -> 2024 | C423: =MONTH(A423) -> 12 | D423: SSL | E423: 240569 | F423: 161359 | G423: 287071450311 | H423: 27 | I423: 64 | J423: 2.5 | K423: 0 | L423: 0 | M423: 0 | N423: 0 | O423: 0 | P423: 0
A424: 45629 | B424: =YEAR(A424) -> 2024 | C424: =MONTH(A424) -> 12 | D424: MSK | E424: 211877 | F424: 132139 | G424: 251546902253 | H424: 28 | I424: 72 | J424: 2.6 | K424: 0 | L424: 0 | M424: 0 | N424: 0 | O424: 0 | P424: 0
A425: 45630 | B425: =YEAR(A425) -> 2024 | C425: =MONTH(A425) -> 12 | D425: EMC | E425: 190024 | F425: 123568 | G425: 220053018582 | H425: 25 | I425: 49 | J425: 1.8 | K425: 0 | L425: 0 | M425: 0 | N425: 0 | O425: 0 | P425: 0
A426: 45631 | B426: =YEAR(A426) -> 2024 | C426: =MONTH(A426) -> 12 | D426: MSC | E426: 140638 | F426: 93949 | G426: 168986165233 | H426: 24 | I426: 52 | J426: 2.2 | K426: 0 | L426: 0 | M426: 0 | N426: 0 | O426: 0 | P426: 0
A427: 45632 | B427: =YEAR(A427) -> 2024 | C427: =MONTH(A427) -> 12 | D427: COS | E427: 117799 | F427: 76829 | G427: 139626259541 | H427: 28 | I427: 72 | J427: 2.4 | K427: 0 | L427: 0 | M427: 0 | N427: 0 | O427: 0 | P427: 0
A428: 45633 | B428: =YEAR(A428) -> 2024 | C428: =MONTH(A428) -> 12 | D428: WHL | E428: 64063 | F428: 41766 | G428: 79314424243 | H428: 21 | I428: 44 | J428: 2 | K428: 0 | L428: 0 | M428: 0 | N428: 0 | O428: 0 | P428: 0
A429: 45634 | B429: =YEAR(A429) -> 2024 | C429: =MONTH(A429) -> 12 | D429: SIT | E429: 48443 | F429: 32005 | G429: 61491938158 | H429: 21 | I429: 37 | J429: 1.7 | K429: 0 | L429: 0 | M429: 0 | N429: 0 | O429: 0 | P429: 0
A430: 45635 | B430: =YEAR(A430) -> 2024 | C430: =MONTH(A430) -> 12 | D430: OOL | E430: 43840 | F430: 29111 | G430: 51541590944 | H430: 25 | I430: 60 | J430: 2.3 | K430: 0 | L430: 0 | M430: 0 | N430: 0 | O430: 0 | P430: 0
A431: 45636 | B431: =YEAR(A431) -> 2024 | C431: =MONTH(A431) -> 12 | D431: ONE | E431: 38906 | F431: 25158 | G431: 46017255364 | H431: 25 | I431: 50 | J431: 1.9 | K431: 0 | L431: 0 | M431: 0 | N431: 0 | O431: 0 | P431: 0
A432: 45637 | B432: =YEAR(A432) -> 2024 | C432: =MONTH(A432) -> 12 | D432: KMT | E432: 31720 | F432: 22179 | G432: 39877022798 | H432: 22 | I432: 39 | J432: 1.8 | K432: 0 | L432: 0 | M432: 0 | N432: 0 | O432: 0 | P432: 0
...

Sheet V.OPR DOM
A1: DATE | B1: YEAR | C1: MONTH | D1: LOP | E1: TEUS | F1: BOX | G1: DPP | H1: BCH | I1: BSH | J1: AVERAGE CD | K1: TEUS 2023 | L1: BOX 2023 | M1: DPP 2023 | N1: BCH 2023 | O1: BSH 2023 | P1: AVERAGE CD 2023
A2: 44927 | B2: =YEAR(A2) -> 2023 | C2: =MONTH(A2) -> 1 | D2: SPI | E2: 548 | F2: 477 | G2: 227765975 | H2: 23.77 | I2: 19.44 | J2: 0.8 | K2: 4170 | L2: 3762 | M2: Rp. 2.113.335.293 | N2: 26 | O2: 17 | P2: 0.8
A3: 44928 | B3: =YEAR(A3) -> 2023 | C3: =MONTH(A3) -> 1 | D3: TIL | E3: 4170 | F3: 3762 | G3: 2113335293 | H3: 25.56 | I3: 17.3 | J3: 0.8 | K3: 548 | L3: 477 | M3: Rp. 227.765.975 | N3: 24 | O3: 19 | P3: 0.8
A4: 44958 | B4: =YEAR(A4) -> 2023 | C4: =MONTH(A4) -> 2 | D4: TIL | E4: 4091 | F4: 3729 | G4: 1931500188 | H4: 25 | I4: 16 | J4: 0.9 | K4: 8261 | L4: 7491 | M4: 4044835481 | N4: 25 | O4: 17 | P4: 0.9
A5: 44959 | B5: =YEAR(A5) -> 2023 | C5: =MONTH(A5) -> 2 | D5: SPI | E5: 180 | F5: 168 | G5: 96700294 | H5: 24 | I5: 12 | J5: 0.8 | K5: 728 | L5: 645 | M5: 324466269 | N5: 24 | O5: 16 | P5: 0.8
A6: 44986 | B6: =YEAR(A6) -> 2023 | C6: =MONTH(A6) -> 3 | D6: TIL | E6: 6209 | F6: 5468 | G6: 2773457701 | H6: 28 | I6: 18 | J6: 0.9 | K6: 14470 | L6: 12959 | M6: 6818293182 | N6: 26 | O6: 17 | P6: 0.9
A7: 44987 | B7: =YEAR(A7) -> 2023 | C7: =MONTH(A7) -> 3 | D7: SPI | E7: 923 | F7: 860 | G7: 622549497 | H7: 21 | I7: 14 | J7: 0.7 | K7: 1651 | L7: 1505 | M7: 947015766 | N7: 23 | O7: 15 | P7: 0.7
A8: 45017 | B8: =YEAR(A8) -> 2023 | C8: =MONTH(A8) -> 4 | D8: TIL | E8: 4123 | F8: 3647 | G8: 1887616843 | H8: 26 | I8: 19 | J8: 0.9 | K8: 18593 | L8: 16606 | M8: 8705910025 | N8: 26 | O8: 18 | P8: 0.9
A9: 45018 | B9: =YEAR(A9) -> 2023 | C9: =MONTH(A9) -> 4 | D9: SPI | E9: 0 | F9: 0 | G9: 0 | H9: 0 | I9: 0 | J9: 0 | K9: 1651 | L9: 1505 | M9: 947015766 | N9: 23 | O9: 15 | P9: 0
A10: 45019 | B10: =YEAR(A10) -> 2023 | C10: =MONTH(A10) -> 4 | D10: TAS | E10: 393 | F10: 329 | G10: 249286874 | H10: 21 | I10: 14 | J10: 1.2 | K10: 393 | L10: 329 | M10: 249286874 | N10: 21 | O10: 14 | P10: 1.2
A11: 45047 | B11: =YEAR(A11) -> 2023 | C11: =MONTH(A11) -> 5 | D11: TIL | E11: 2915 | F11: 2639 | G11: 1686764192 | H11: 25 | I11: 19 | J11: 1 | K11: 21508 | L11: 19245 | M11: 10392674217 | N11: 26 | O11: 18 | P11: 1
A12: 45048 | B12: =YEAR(A12) -> 2023 | C12: =MONTH(A12) -> 5 | D12: SPI | E12: 0 | F12: 0 | G12: 0 | H12: 0 | I12: 0 | J12: 0 | K12: 1651 | L12: 1505 | M12: 947015766 | N12: 23 | O12: 15 | P12: 0
A13: 45049 | B13: =YEAR(A13) -> 2023 | C13: =MONTH(A13) -> 5 | D13: TAS | E13: 727 | F13: 567 | G13: 371938289 | H13: 20 | I13: 21 | J13: 1.2 | K13: 1120 | L13: 896 | M13: 621225163 | N13: 21 | O13: 18 | P13: 1.2
A14: 45078 | B14: =YEAR(A14) -> 2023 | C14: =MONTH(A14) -> 6 | D14: TIL | E14: 2823 | F14: 2574 | G14: 1014365003 | H14: 29 | I14: 26 | J14: 1 | K14: 24331 | L14: 21819 | M14: 11407039220 | N14: 26 | O14: 19 | P14: 1
A15: 45079 | B15: =YEAR(A15) -> 2023 | C15: =MONTH(A15) -> 6 | D15: SPI | E15: 2405 | F15: 2173 | G15: 1315460992 | H15: 28 | I15: 24 | J15: 1.2 | K15: 4056 | L15: 3678 | M15: 2262476.8 | N15: 24 | O15: 18 | P15: 1.2
... A75: 45413 | B75: =YEAR(A75) -> 2024 | C75: =MONTH(A75) -> 5 | D75: PNJ | E75: 0 | F75: 0 | G75: 0 | H75: 0 | I75: 0 | J75: 0 | K75: 0 | L75: 0 | M75: 0 | N75: 0 | O75: 0 | P75: 0
A76: 45413 | B76: =YEAR(A76) -> 2024 | C76: =MONTH(A76) -> 5 | D76: TAS | E76: - | F76: - | G76: Rp- | H76: - | I76: - | J76: 0 | K76: 0 | L76: 0 | M76: 0 | N76: 0 | O76: 0 | P76: 0
A77: 45444 | B77: =YEAR(A77) -> 2024 | C77: =MONTH(A77) -> 6 | D77: TIL | E77: 3982 | F77: 3642 | G77: 1864907539 | H77: 29 | I77: 23 | J77: 0.96 | K77: 0 | L77: 0 | M77: 0 | N77: 0 | O77: 0 | P77: 0
A78: 45444 | B78: =YEAR(A78) -> 2024 | C78: =MONTH(A78) -> 6 | D78: SPI | E78: 2583 | F78: 2352 | G78: 1394637184 | H78: 21 | I78: 14 | J78: 0.92 | K78: 0 | L78: 0 | M78: 0 | N78: 0 | O78: 0 | P78: 0
A79: 45444 | B79: =YEAR(A79) -> 2024 | C79: =MONTH(A79) -> 6 | D79: MPN | E79: 1828 | F79: 1016 | G79: 1753069425 | H79: 48 | I79: 54 | J79: 0.77 | K79: 0 | L79: 0 | M79: 0 | N79: 0 | O79: 0 | P79: 0
A80: 45444 | B80: =YEAR(A80) -> 2024 | C80: =MONTH(A80) -> 6 | D80: ICON | E80: 0 | F80: 0 | G80: 0 | H80: 0 | I80: 0 | J80: 0 | K80: 0 | L80: 0 | M80: 0 | N80: 0 | O80: 0 | P80: 0
A81: 45444 | B81: =YEAR(A81) -> 2024 | C81: =MONTH(A81) -> 6 | D81: PNJ | E81: 54 | F81: 46 | G81: 29756500 | H81: 27 | I81: 10 | J81: 1.14 | K81: 0 | L81: 0 | M81: 0 | N81: 0 | O81: 0 | P81: 0
A82: 45444 | B82: =YEAR(A82) -> 2024 | C82: =MONTH(A82) -> 6 | D82: TAS | E82: 0 | F82: 0 | G82: 0 | H82: 0 | I82: 0 | J82: 0 | K82: 0 | L82: 0 | M82: 0 | N82: 0 | O82: 0 | P82: 0
A83: 45474 | B83: =YEAR(A83) -> 2024 | C83: =MONTH(A83) -> 7 | D83: SPI | E83: 2069 | F83: 1918 | G83: 1234651848 | H83: 26 | I83: 57 | J83: 0.91 | K83: 0 | L83: 0 | M83: 0 | N83: 0 | O83: 0 | P83: 0
A84: 45475 | B84: =YEAR(A84) -> 2024 | C84: =MONTH(A84) -> 7 | D84: MPN | E84: 242 | F84: 232 | G84: 84771495 | H84: 25 | I84: 47 | J84: 0.97 | K84: 0 | L84: 0 | M84: 0 | N84: 0 | O84: 0 | P84: 0
A85: 45476 | B85: =YEAR(A85) -> 2024 | C85: =MONTH(A85) -> 7 | D85: MAA | E85: 0 | F85: 0 | G85: 0 | H85: 0 | I85: 0 | J85: 0 | K85: 0 | L85: 0 | M85: 0 | N85: 0 | O85: 0 | P85: 0
A86: 45477 | B86: =YEAR(A86) -> 2024 | C86: =MONTH(A86) -> 7 | D86: ICN | E86: 503 | F86: 398 | G86: 186379965 | H86: 27 | I86: 70 | J86: 1.1 | K86: 0 | L86: 0 | M86: 0 | N86: 0 | O86: 0 | P86: 0
A87: 45478 | B87: =YEAR(A87) -> 2024 | C87: =MONTH(A87) -> 7 | D87: TAS | E87: 0 | F87: 0 | G87: 0 | H87: 0 | I87: 0 | J87: 0 | K87: 0 | L87: 0 | M87: 0 | N87: 0 | O87: 0 | P87: 0
A88: 45479 | B88: =YEAR(A88) -> 2024 | C88: =MONTH(A88) -> 7 | D88: CTP | E88: 0 | F88: 0 | G88: 0 | H88: 0 | I88: 0 | J88: 0 | K88: 0 | L88: 0 | M88: 0 | N88: 0 | O88: 0 | P88: 0
... A103: 45536 | B103: =YEAR(A103) -> 2024 | C103: =MONTH(A103) -> 9 | D103: TIL | E103: 4980 | F103: 4458 | G103: 2289820635 | H103: 26.36 | I103: 20.22 | J103: 0.9 | K103: 0 | L103: 0 | M103: 0 | N103: 0 | O103: 0 | P103: 0
A104: 45566 | B104: 2024 | C104: 10 | D104: SPI | E104: 711 | F104: 624 | G104: 324916395 | H104: 16 | I104: 12 | J104: 1 | K104: 0 | L104: 0 | M104: 0 | N104: 0 | O104: 0 | P104: 0
A105: 45566 | B105: 2024 | C105: 10 | D105: TIL | E105: 4980 | F105: 4458 | G105: 2289820635 | H105: 26 | I105: 20 | J105: 0.9 | K105: 0 | L105: 0 | M105: 0 | N105: 0 | O105: 0 | P105: 0
A106: 45566 | B106: 2024 | C106: 10 | D106: MPN | E106: 19 | F106: 12 | G106: 8480494 | H106: 28 | I106: 1 | J106: 0.9 | K106: 0 | L106: 0 | M106: 0 | N106: 0 | O106: 0 | P106: 0
A107: 45566 | B107: 2024 | C107: 10 | D107: ICN | E107: 134 | F107: 100 | G107: 41787020 | H107: 17 | I107: 20 | J107: 1 | K107: 0 | L107: 0 | M107: 0 | N107: 0 | O107: 0 | P107: 0
A108: 45567 | B108: 2024 | C108: 10 | D108: PNJ | E108: 61 | F108: 56 | G108: 32059377 | H108: 39 | I108: 15 | J108: 1 | K108: 0 | L108: 0 | M108: 0 | N108: 0 | O108: 0 | P108: 0
A109: 45597 | B109: 2024 | C109: 11 | D109: SPI | E109: 1067 | F109: 836 | G109: 385967359 | H109: 18 | I109: 15 | J109: 0.6 | K109: 0 | L109: 0 | M109: 0 | N109: 0 | O109: 0 | P109: 0
A110: 45597 | B110: 2024 | C110: 11 | D110: MPN | E110: 641 | F110: 516 | G110: 259250047 | H110: 21 | I110: 14 | J110: 1 | K110: 0 | L110: 0 | M110: 0 | N110: 0 | O110: 0 | P110: 0
A111: 45597 | B111: 2024 | C111: 11 | D111: MAA | E111: 0 | F111: 0 | G111: 0 | H111: 0 | I111: 0 | J111: 0 | K111: 0 | L111: 0 | M111: 0 | N111: 0 | O111: 0 | P111: 0
A112: 45597 | B112: 2024 | C112: 11 | D112: ICN | E112: 152 | F112: 132 | G112: 48093290 | H112: 23 | I112: 7 | J112: 1 | K112: 0 | L112: 0 | M112: 0 | N112: 0 | O112: 0 | P112: 0
A113: 45597 | B113: 2024 | C113: 11 | D113: TIL | E113: 4401 | F113: 3941 | G113: 1979038105 | H113: 27 | I113: 20 | J113: 0.9 | K113: 0 | L113: 0 | M113: 0 | N113: 0 | O113: 0 | P113: 0
A114: 45597 | B114: 2024 | C114: 11 | D114: PNJ | E114: 0 | F114: 0 | G114: 0 | H114: 0 | I114: 0 | J114: 0.9 | K114: 0 | L114: 0 | M114: 0 | N114: 0 | O114: 0 | P114: 0
A115: 45627 | B115: =YEAR(A115) -> 2024 | C115: =MONTH(A115) -> 12 | D115: TIL | E115: 47565 | F115: 42760 | G115: 21515092429 | H115: 27 | I115: 22 | J115: 0.91 | K115: 0 | L115: 0 | M115: 0 | N115: 0 | O115: 0 | P115: 0
A116: 45628 | B116: =YEAR(A116) -> 2024 | C116: =MONTH(A116) -> 12 | D116: SPI | E116: 23645 | F116: 21183 | G116: 13111255684 | H116: 20 | I116: 18 | J116: 0.94 | K116: 0 | L116: 0 | M116: 0 | N116: 0 | O116: 0 | P116: 0
A117: 45629 | B117: =YEAR(A117) -> 2024 | C117: =MONTH(A117) -> 12 | D117: MPN | E117: 3130 | F117: 2642 | G117: 1471449624 | H117: 22 | I117: 15 | J117: 0.84 | K117: 0 | L117: 0 | M117: 0 | N117: 0 | O117: 0 | P117: 0
A118: 45630 | B118: =YEAR(A118) -> 2024 | C118: =MONTH(A118) -> 12 | D118: MAA | E118: 1638 | F118: 851 | G118: 1657678972 | H118: 21 | I118: 39 | K118: 0 | L118: 0 | M118: 0 | N118: 0 | O118: 0 | P118: 0
A119: 45631 | B119: =YEAR(A119) -> 2024 | C119: =MONTH(A119) -> 12 | D119: ICN | E119: 1386 | F119: 1132 | G119: 456129051 | H119: 22 | I119: 26 | J119: 0.98 | K119: 0 | L119: 0 | M119: 0 | N119: 0 | O119: 0 | P119: 0
A120: 45632 | B120: =YEAR(A120) -> 2024 | C120: =MONTH(A120) -> 12 | D120: PNJ | E120: 671 | F120: 621 | G120: 376302903 | H120: 27 | I120: 18 | J120: 0.85 | K120: 0 | L120: 0 | M120: 0 | N120: 0 | O120: 0 | P120: 0
A121: 45633 | B121: =YEAR(A121) -> 2024 | C121: =MONTH(A121) -> 12 | D121: TAS | E121: 0 | F121: 0 | G121: 0 | H121: 0 | I121: 0 | J121: 0 | K121: 0 | L121: 0 | M121: 0 | N121: 0 | O121: 0 | P121: 0
A122: 45634 | B122: =YEAR(A122) -> 2024 | C122: =MONTH(A122) -> 12 | D122: CTP | E122: 0 | F122: 0 | G122: 0 | H122: 0 | I122: 0 | J122: 0 | K122: 0 | L122: 0 | M122: 0 | N122: 0 | O122: 0 | P122: 0
A123: 45658 | B123: =YEAR(A123) -> 2025 | C123: =MONTH(A123) -> 1 | D123: TIL | E123: 4397 | F123: 3905 | G123: 2091200473 | H123: 27 | I123: 16 | J123: 0.84 | K123: 0 | L123: 0 | M123: 0 | N123: 0 | O123: 0 | P123: 0
A124: 45659 | B124: =YEAR(A124) -> 2025 | C124: =MONTH(A124) -> 1 | D124: SPI | E124: 921 | F124: 851 | G124: 330250895 | H124: 22 | I124: 16 | J124: 0.98 | K124: 0 | L124: 0 | M124: 0 | N124: 0 | O124: 0 | P124: 0
A125: 45660 | B125: =YEAR(A125) -> 2025 | C125: =MONTH(A125) -> 1 | D125: ICN | E125: 377 | F125: 321 | G125: 125732785 | H125: 27 | I125: 14 | J125: 0.95 | K125: 0 | L125: 0 | M125: 0 | N125: 0 | O125: 0 | P125: 0
A126: 45661 | B126: =YEAR(A126) -> 2025 | C126: =MONTH(A126) -> 1 | D126: MPN | E126: 244 | F126: 166 | G126: 63754467 | H126: 19 | I126: 13 | J126: 0.94 | K126: 0 | L126: 0 | M126: 0 | N126: 0 | O126: 0 | P126: 0
A127: 45662 | B127: =YEAR(A127) -> 2025 | C127: =MONTH(A127) -> 1 | D127: MAA | E127: 0 | F127: 0 | G127: 0 | H127: 0 | I127: 0 | J127: 0 | K127: 0 | L127: 0 | M127: 0 | N127: 0 | O127: 0 | P127: 0
A128: 45663 | B128: =YEAR(A128) -> 2025 | C128: =MONTH(A128) -> 1 | D128: PNJ | E128: 0 | F128: 0 | G128: 0 | H128: 0 | I128: 0 | J128: 0 | K128: 0 | L128: 0 | M128: 0 | N128: 0 | O128: 0 | P128: 0
A129: 45664 | B129: =YEAR(A129) -> 2025 | C129: =MONTH(A129) -> 1 | D129: TAS | E129: 0 | F129: 0 | G129: 0 | H129: 0 | I129: 0 | J129: 0 | K129: 0 | L129: 0 | M129: 0 | N129: 0 | O129: 0 | P129: 0
A130: 45665 | B130: =YEAR(A130) -> 2025 | C130: =MONTH(A130) -> 1 | D130: CTP | E130: 0 | F130: 0 | G130: 0 | H130: 0 | I130: 0 | J130: 0 | K130: 0 | L130: 0 | M130: 0 | N130: 0 | O130: 0 | P130: 0
... A143: 45724 | B143: =YEAR(A143) -> 2025 | C143: =MONTH(A143) -> 3 | D143: PNJ | E143: 178 | F143: 160 | G143: 54722225 | H143: 18 | I143: 12 | J143: 0.83 | K143: 0 | L143: 0 | M143: 0 | N143: 0 | O143: 0 | P143: 0
A144: 45724 | B144: =YEAR(A144) -> 2025 | C144: =MONTH(A144) -> 3 | D144: MAA | E144: - | F144: - | G144: - | H144: - | I144: - | J144: 0 | K144: 0 | L144: 0 | M144: 0 | N144: 0 | O144: 0 | P144: 0
A145: 45724 | B145: =YEAR(A145) -> 2025 | C145: =MONTH(A145) -> 3 | D145: TAS | E145: - | F145: - | G145: - | H145: - | I145: - | J145: 0 | K145: 0 | L145: 0 | M145: 0 | N145: 0 | O145: 0 | P145: 0
A146: 45724 | B146: =YEAR(A146) -> 2025 | C146: =MONTH(A146) -> 3 | D146: CTP | E146: - | F146: - | G146: - | H146: - | I146: - | J146: 0 | K146: 0 | L146: 0 | M146: 0 | N146: 0 | O146: 0 | P146: 0
A147: 45755 | B147: =YEAR(A147) -> 2025 | C147: =MONTH(A147) -> 4 | D147: TIL | E147: 16903 | F147: 15186 | G147: 7930937106 | H147: 27 | I147: 18 | J147: 0.864 | K147: 0 | L147: 0 | M147: 0 | N147: 0 | O147: 0 | P147: 0
A148: 45755 | B148: =YEAR(A148) -> 2025 | C148: =MONTH(A148) -> 4 | D148: SPI | E148: 3112 | F148: 2673 | G148: 1254228550 | H148: 20 | I148: 13 | J148: 0.96 | K148: 0 | L148: 0 | M148: 0 | N148: 0 | O148: 0 | P148: 0
A149: 45755 | B149: =YEAR(A149) -> 2025 | C149: =MONTH(A149) -> 4 | D149: ICN | E149: 1333 | F149: 1098 | G149: 397783150 | H149: 23 | I149: 15 | J149: 0.9 | K149: 0 | L149: 0 | M149: 0 | N149: 0 | O149: 0 | P149: 0
A150: 45755 | B150: =YEAR(A150) -> 2025 | C150: =MONTH(A150) -> 4 | D150: MPN | E150: 2094 | F150: 1651 | G150: 1565703964 | H150: 19 | I150: 15 | J150: 0.8675 | K150: 0 | L150: 0 | M150: 0 | N150: 0 | O150: 0 | P150: 0
A151: 45755 | B151: =YEAR(A151) -> 2025 | C151: =MONTH(A151) -> 4 | D151: PNJ | E151: 178 | F151: 160 | G151: 54722225 | H151: 18 | I151: 12 | J151: 0.83 | K151: 0 | L151: 0 | M151: 0 | N151: 0 | O151: 0 | P151: 0
A152: 45755 | B152: =YEAR(A152) -> 2025 | C152: =MONTH(A152) -> 4 | D152: MAA | E152: - | F152: - | G152: - | H152: - | I152: - | J152: 0 | K152: 0 | L152: 0 | M152: 0 | N152: 0 | O152: 0 | P152: 0
A153: 45755 | B153: =YEAR(A153) -> 2025 | C153: =MONTH(A153) -> 4 | D153: TAS | E153: - | F153: - | G153: - | H153: - | I153: - | J153: 0 | K153: 0 | L153: 0 | M153: 0 | N153: 0 | O153: 0 | P153: 0
A154: 45755 | B154: =YEAR(A154) -> 2025 | C154: =MONTH(A154) -> 4 | D154: CTP | E154: - | F154: - | G154: - | H154: - | I154: - | J154: 0 | K154: 0 | L154: 0 | M154: 0 | N154: 0 | O154: 0 | P154: 0
A155: 45785 | B155: =YEAR(A155) -> 2025 | C155: =MONTH(A155) -> 5 | D155: TIL | E155: 22129 | F155: 19855 | G155: 10280616554 | H155: 26 | I155: 18 | J155: 0.87 | K155: 0 | L155: 0 | M155: 0 | N155: 0 | O155: 0 | P155: 0
A156: 45786 | B156: =YEAR(A156) -> 2025 | C156: =MONTH(A156) -> 5 | D156: SPI | E156: 3545 | F156: 3088 | G156: 1389111935 | H156: 21 | I156: 15 | J156: 0.95 | K156: 0 | L156: 0 | M156: 0 | N156: 0 | O156: 0 | P156: 0
A157: 45787 | B157: =YEAR(A157) -> 2025 | C157: =MONTH(A157) -> 5 | D157: MPN | E157: 2404 | F157: 1950 | G157: 1682738859 | H157: 18 | I157: 14 | J157: 0.86 | K157: 0 | L157: 0 | M157: 0 | N157: 0 | O157: 0 | P157: 0
A158: 45788 | B158: =YEAR(A158) -> 2025 | C158: =MONTH(A158) -> 5 | D158: ICN | E158: 1333 | F158: 1098 | G158: 397783150 | H158: 23 | I158: 15 | J158: 0.9 | K158: 0 | L158: 0 | M158: 0 | N158: 0 | O158: 0 | P158: 0
A159: 45789 | B159: =YEAR(A159) -> 2025 | C159: =MONTH(A159) -> 5 | D159: PNJ | E159: 178 | F159: 160 | G159: 54722225 | H159: 18 | I159: 12 | J159: 0.83 | K159: 0 | L159: 0 | M159: 0 | N159: 0 | O159: 0 | P159: 0
A160: 45790 | B160: =YEAR(A160) -> 2025 | C160: =MONTH(A160) -> 5 | D160: MAA | E160: - | F160: - | G160: - | H160: - | I160: - | J160: 0 | K160: 0 | L160: 0 | M160: 0 | N160: 0 | O160: 0 | P160: 0
A161: 45791 | B161: =YEAR(A161) -> 2025 | C161: =MONTH(A161) -> 5 | D161: TAS | E161: - | F161: - | G161: - | H161: - | I161: - | J161: 0 | K161: 0 | L161: 0 | M161: 0 | N161: 0 | O161: 0 | P161: 0
A162: 45792 | B162: =YEAR(A162) -> 2025 | C162: =MONTH(A162) -> 5 | D162: CTP | E162: - | F162: - | G162: - | H162: - | I162: - | J162: 0 | K162: 0 | L162: 0 | M162: 0 | N162: 0 | O162: 0 | P162: 0
A163: 45824 | B163: =YEAR(A163) -> 2025 | C163: =MONTH(A163) -> 6 | D163: TIL | E163: 27676 | F163: 24905 | G163: 12804295989 | H163: 26 | I163: 18 | J163: 0.88 | K163: 0 | L163: 0 | M163: 0 | N163: 0 | O163: 0 | P163: 0
A164: 45824 | B164: =YEAR(A164) -> 2025 | C164: =MONTH(A164) -> 6 | D164: SPI | E164: 3650 | F164: 3188 | G164: 1439660305 | H164: 20 | I164: 14 | J164: 0.95 | K164: 0 | L164: 0 | M164: 0 | N164: 0 | O164: 0 | P164: 0
A165: 45824 | B165: =YEAR(A165) -> 2025 | C165: =MONTH(A165) -> 6 | D165: MPN | E165: 2404 | F165: 1950 | G165: 1682738859 | H165: 18 | I165: 14 | J165: 0.86 | K165: 0 | L165: 0 | M165: 0 | N165: 0 | O165: 0 | P165: 0
A166: 45824 | B166: =YEAR(A166) -> 2025 | C166: =MONTH(A166) -> 6 | D166: ICN | E166: 1333 | F166: 1098 | G166: 397783150 | H166: 23 | I166: 15 | J166: 0.9 | K166: 0 | L166: 0 | M166: 0 | N166: 0 | O166: 0 | P166: 0
A167: 45825 | B167: =YEAR(A167) -> 2025 | C167: =MONTH(A167) -> 6 | D167: PNJ | E167: 178 | F167: 160 | G167: 54722225 | H167: 18 | I167: 12 | J167: 0.83 | K167: 0 | L167: 0 | M167: 0 | N167: 0 | O167: 0 | P167: 0
A168: 45826 | B168: =YEAR(A168) -> 2025 | C168: =MONTH(A168) -> 6 | D168: MAA | E168: - | F168: - | G168: - | H168: - | I168: - | J168: 0 | K168: 0 | L168: 0 | M168: 0 | N168: 0 | O168: 0 | P168: 0
A169: 45827 | B169: =YEAR(A169) -> 2025 | C169: =MONTH(A169) -> 6 | D169: TAS | E169: - | F169: - | G169: - | H169: - | I169: - | J169: 0 | K169: 0 | L169: 0 | M169: 0 | N169: 0 | O169: 0 | P169: 0
A170: 45828 | B170: =YEAR(A170) -> 2025 | C170: =MONTH(A170) -> 6 | D170: CTP | E170: - | F170: - | G170: - | H170: - | I170: - | J170: 0 | K170: 0 | L170: 0 | M170: 0 | N170: 0 | O170: 0 | P170: 0
A171: 45839 | B171: =YEAR(A171) -> 2025 | C171: =MONTH(A171) -> 7 | D171: TIL | E171: 33129 | F171: 29693 | G171: 15323992210 | H171: 27 | I171: 19 | J171: 0.92 | K171: 0 | L171: 0 | M171: 0 | N171: 0 | O171: 0 | P171: 0
A172: 45840 | B172: =YEAR(A172) -> 2025 | C172: =MONTH(A172) -> 7 | D172: SPI | E172: 3650 | F172: 3188 | G172: 1439660305 | H172: 20 | I172: 14 | J172: - | K172: 0 | L172: 0 | M172: 0 | N172: 0 | O172: 0 | P172: 0
A173: 45841 | B173: =YEAR(A173) -> 2025 | C173: =MONTH(A173) -> 7 | D173: MPN | E173: 3405 | F173: 2790 | G173: 2418718709 | H173: 18 | I173: 15 | J173: 0.88 | K173: 0 | L173: 0 | M173: 0 | N173: 0 | O173: 0 | P173: 0
A174: 45842 | B174: =YEAR(A174) -> 2025 | C174: =MONTH(A174) -> 7 | D174: ICN | E174: 1333 | F174: 1098 | G174: 397783150 | H174: 23 | I174: 15 | J174: - | K174: 0 | L174: 0 | M174: 0 | N174: 0 | O174: 0 | P174: 0
A175: 45843 | B175: =YEAR(A175) -> 2025 | C175: =MONTH(A175) -> 7 | D175: PNJ | E175: 178 | F175: 160 | G175: 54722225 | H175: 18 | I175: 12 | J175: - | K175: 0 | L175: 0 | M175: 0 | N175: 0 | O175: 0 | P175: 0
A176: 45844 | B176: =YEAR(A176) -> 2025 | C176: =MONTH(A176) -> 7 | D176: MAA | E176: - | F176: - | G176: - | H176: - | I176: - | J176: - | K176: 0 | L176: 0 | M176: 0 | N176: 0 | O176: 0 | P176: 0
A177: 45845 | B177: =YEAR(A177) -> 2025 | C177: =MONTH(A177) -> 7 | D177: TAS | E177: - | F177: - | G177: - | H177: - | I177: - | J177: - | K177: 0 | L177: 0 | M177: 0 | N177: 0 | O177: 0 | P177: 0
A178: 45846 | B178: =YEAR(A178) -> 2025 | C178: =MONTH(A178) -> 7 | D178: CTP | E178: - | F178: - | G178: - | H178: - | I178: - | J178: - | K178: 0 | L178: 0 | M178: 0 | N178: 0 | O178: 0 | P178: 0
A179: 45870 | B179: =YEAR(A179) -> 2025 | C179: =MONTH(A179) -> 8 | D179: TIL | E179: 36676 | F179: 32919 | G179: 17108054468 | H179: 26 | I179: 18 | J179: 1 | K179: 0 | L179: 0 | M179: 0 | N179: 0 | O179: 0 | P179: 0
A180: 45871 | B180: =YEAR(A180) -> 2025 | C180: =MONTH(A180) -> 8 | D180: SPI | E180: 3650 | F180: 3188 | G180: 1439660305 | H180: 20 | I180: 14 | J180: 0 | K180: 0 | L180: 0 | M180: 0 | N180: 0 | O180: 0 | P180: 0
A181: 45872 | B181: =YEAR(A181) -> 2025 | C181: =MONTH(A181) -> 8 | D181: MPN | E181: 3654 | F181: 3026 | G181: 2533360226 | H181: 18 | I181: 14 | J181: 1 | K181: 0 | L181: 0 | M181: 0 | N181: 0 | O181: 0 | P181: 0
A182: 45873 | B182: =YEAR(A182) -> 2025 | C182: =MONTH(A182) -> 8 | D182: ICN | E182: 1333 | F182: 1098 | G182: 397783150 | H182: 23 | I182: 15 | J182: 0 | K182: 0 | L182: 0 | M182: 0 | N182: 0 | O182: 0 | P182: 0
A183: 45874 | B183: =YEAR(A183) -> 2025 | C183: =MONTH(A183) -> 8 | D183: PNJ | E183: 236 | F183: 213 | G183: 88047269 | H183: 21 | I183: 13 | J183: 1 | K183: 0 | L183: 0 | M183: 0 | N183: 0 | O183: 0 | P183: 0
A184: 45875 | B184: =YEAR(A184) -> 2025 | C184: =MONTH(A184) -> 8 | D184: MAA | E184: - | F184: - | G184: - | H184: - | I184: - | J184: - | K184: 0 | L184: 0 | M184: 0 | N184: 0 | O184: 0 | P184: 0
A185: 45876 | B185: =YEAR(A185) -> 2025 | C185: =MONTH(A185) -> 8 | D185: TAS | E185: - | F185: - | G185: - | H185: - | I185: - | J185: - | K185: 0 | L185: 0 | M185: 0 | N185: 0 | O185: 0 | P185: 0
...

Sheet B.OPR INT
A1: DATE | B1: YEAR | C1: MONTH | D1: LOP | E1: 2022 (TEUS) | F1: 2023 (TEUS) | G1: 2024 (TEUS) | H1: 2025 (TEUS) | I1: 2026 (TEUS) | J1: %
A2: 45292 | B2: =YEAR(A2) -> 2024 | C2: =MONTH(A2) -> 1 | D2: CMA | E2: 12085 | F2: 14158 | G2: 10480 | J2: 0.1715
A3: 45293 | B3: =YEAR(A3) -> 2024 | C3: =MONTH(A3) -> 1 | D3: EMC | E3: 12494 | F3: 13601 | G3: 10651 | J3: 0.0886
A4: 45294 | B4: =YEAR(A4) -> 2024 | C4: =MONTH(A4) -> 1 | D4: MSC | E4: 11120 | F4: 10754 | G4: 10412 | J4: -0.0329
A5: 45295 | B5: =YEAR(A5) -> 2024 | C5: =MONTH(A5) -> 1 | D5: ONE | E5: 12015 | F5: 10592 | G5: 12560 | J5: -0.1184
A6: 45296 | B6: =YEAR(A6) -> 2024 | C6: =MONTH(A6) -> 1 | D6: MSK | E6: 14065 | F6: 9899 | G6: 14137 | J6: -0.2962
A7: 45297 | B7: =YEAR(A7) -> 2024 | C7: =MONTH(A7) -> 1 | D7: WHL | E7: 6221 | F7: 7028 | G7: 6119 | J7: 0.1297
A8: 45298 | B8: =YEAR(A8) -> 2024 | C8: =MONTH(A8) -> 1 | D8: COSCO | E8: 10768 | F8: 6956 | G8: 8280 | J8: -0.354
A9: 45299 | B9: =YEAR(A9) -> 2024 | C9: =MONTH(A9) -> 1 | D9: OOCL | E9: 5100 | F9: 5333 | G9: 5378 | J9: 0.0457
A10: 45300 | B10: =YEAR(A10) -> 2024 | C10: =MONTH(A10) -> 1 | D10: RCL | E10: 2297 | F10: 3394 | G10: 3875 | J10: 4.4919
A11: 45301 | B11: =YEAR(A11) -> 2024 | C11: =MONTH(A11) -> 1 | D11: SITC | E11: 2275 | F11: 3267 | G11: 4316 | J11: -0.2173
A12: 45302 | B12: =YEAR(A12) -> 2024 | C12: =MONTH(A12) -> 1 | D12: HPL | E12: 3316 | F12: 0 | G12: 0 | J12: 0.3761
A13: 45303 | B13: =YEAR(A13) -> 2024 | C13: =MONTH(A13) -> 1 | D13: YML | E13: 1186 | F13: 2614 | G13: 2133 | J13: 0.149
... A18: 45308 | B18: =YEAR(A18) -> 2024 | C18: =MONTH(A18) -> 1 | D18: HMM | E18: 1559 | F18: 428 | G18: 658 | J18: -0.7255
A19: 45309 | B19: =YEAR(A19) -> 2024 | C19: =MONTH(A19) -> 1 | D19: ANL | E19: - | F19: 377 | G19: 0 | J19: 0
A20: 45310 | B20: =YEAR(A20) -> 2024 | C20: =MONTH(A20) -> 1 | D20: XCL | E20: 1542 | F20: 199 | G20: 282 | J20: -0.8709
A21: 45311 | B21: =YEAR(A21) -> 2024 | C21: =MONTH(A21) -> 1 | D21: KRL | E21: - | F21: 0 | G21: 0 | J21: 0
A22: 45312 | B22: =YEAR(A22) -> 2024 | C22: =MONTH(A22) -> 1 | D22: KSL | E22: - | F22: 0 | G22: 0 | J22: 0
A23: 45313 | B23: =YEAR(A23) -> 2024 | C23: =MONTH(A23) -> 1 | D23: MELL | E23: 255 | F23: 0 | G23: 0 | J23: -1
A24: 45314 | B24: =YEAR(A24) -> 2024 | C24: =MONTH(A24) -> 1 | D24: OTHER | E24: 2347 | F24: 2819 | G24: 2500 | J24: 0.3805
A25: 45323 | B25: =YEAR(A25) -> 2024 | C25: =MONTH(A25) -> 2 | D25: EMC | E25: 26036 | F25: 12759 | G25: 10830 | J25: 0.0124
A26: 45324 | B26: =YEAR(A26) -> 2024 | C26: =MONTH(A26) -> 2 | D26: CMA | E26: 25419 | F26: 12019 | G26: 8360 | J26: 0.0298
A27: 45325 | B27: =YEAR(A27) -> 2024 | C27: =MONTH(A27) -> 2 | D27: MSK | E27: 27297 | F27: 13383 | G27: 14749 | J27: -0.1471
A28: 45326 | B28: =YEAR(A28) -> 2024 | C28: =MONTH(A28) -> 2 | D28: ONE | E28: 21359 | F28: 9316 | G28: 11242 | J28: -0.0679
A29: 45327 | B29: =YEAR(A29) -> 2024 | C29: =MONTH(A29) -> 2 | D29: MSC | E29: 21751 | F29: 8157 | G29: 9565 | J29: -0.1306
A30: 45328 | B30: =YEAR(A30) -> 2024 | C30: =MONTH(A30) -> 2 | D30: COSCO | E30: 23839 | F30: 7269 | G30: 9678 | J30: -0.4033
A31: 45329 | B31: =YEAR(A31) -> 2024 | C31: =MONTH(A31) -> 2 | D31: WHL | E31: 13712 | F31: 7005 | G31: 6126 | J31: 0.0234
A32: 45330 | B32: =YEAR(A32) -> 2024 | C32: =MONTH(A32) -> 2 | D32: OOCL | E32: 9161 | F32: 5728 | G32: 6453 | J32: 0.2074
A33: 45331 | B33: =YEAR(A33) -> 2024 | C33: =MONTH(A33) -> 2 | D33: RCL | E33: 1061 | F33: 3414 | G33: 3777 | J33: 5.4166
A34: 45332 | B34: =YEAR(A34) -> 2024 | C34: =MONTH(A34) -> 2 | D34: OTHER | E34: 4257 | F34: 2038 | G34: 2015 | J34: 0.4733
... A41: 45339 | B41: =YEAR(A41) -> 2024 | C41: =MONTH(A41) -> 2 | D41: SSL | E41: 3774 | F41: 863 | G41: 1025 | J41: -0.5488
A42: 45340 | B42: =YEAR(A42) -> 2024 | C42: =MONTH(A42) -> 2 | D42: ANL | E42: - | F42: 575 | G42: 0 | J42: 0
A43: 45341 | B43: =YEAR(A43) -> 2024 | C43: =MONTH(A43) -> 2 | D43: HMM | E43: 3142 | F43: 453 | G43: 632 | J43: -0.7196
A44: 45342 | B44: =YEAR(A44) -> 2024 | C44: =MONTH(A44) -> 2 | D44: XCL | E44: 2448 | F44: 251 | G44: 216 | J44: -0.8162
A45: 45343 | B45: =YEAR(A45) -> 2024 | C45: =MONTH(A45) -> 2 | D45: MELL | E45: 261 | F45: 80 | G45: 0 | J45: -0.6935
A46: 45344 | B46: =YEAR(A46) -> 2024 | C46: =MONTH(A46) -> 2 | D46: KRL | E46: 206 | F46: 70 | G46: 0 | J46: -0.6602
A47: 45345 | B47: =YEAR(A47) -> 2024 | C47: =MONTH(A47) -> 2 | D47: KSL | E47: - | F47: 0 | G47: 0 | J47: 0
A48: 45352 | B48: =YEAR(A48) -> 2024 | C48: =MONTH(A48) -> 3 | D48: EMC | E48: 38881 | F48: 17518 | G48: 16744 | J48: 0.1285
A49: 45353 | B49: =YEAR(A49) -> 2024 | C49: =MONTH(A49) -> 3 | D49: CMA | E49: 34249 | F49: 16376 | G49: 17213 | J49: 0.2425
A50: 45354 | B50: =YEAR(A50) -> 2024 | C50: =MONTH(A50) -> 3 | D50: MSK | E50: 41446 | F50: 13068 | G50: 14308 | J50: -0.123
A51: 45355 | B51: =YEAR(A51) -> 2024 | C51: =MONTH(A51) -> 3 | D51: ONE | E51: 32622 | F51: 11695 | G51: 12477 | J51: -0.0312
A52: 45356 | B52: =YEAR(A52) -> 2024 | C52: =MONTH(A52) -> 3 | D52: MSC | E52: 32928 | F52: 10739 | G52: 13414 | J52: -0.0996
A53: 45357 | B53: =YEAR(A53) -> 2024 | C53: =MONTH(A53) -> 3 | D53: WHL | E53: 17560 | F53: 10793 | G53: 8224 | J53: 0.4138
A54: 45358 | B54: =YEAR(A54) -> 2024 | C54: =MONTH(A54) -> 3 | D54: COSCO | E54: 34027 | F54: 7680 | G54: 10735 | J54: -0.3562
A55: 45359 | B55: =YEAR(A55) -> 2024 | C55: =MONTH(A55) -> 3 | D55: OOCL | E55: 14084 | F55: 6189 | G55: 6408 | J55: 0.2248
A56: 45360 | B56: =YEAR(A56) -> 2024 | C56: =MONTH(A56) -> 3 | D56: OTHER | E56: 9910 | F56: 1458 | G56: 1514 | J56: 0.2284
A57: 45361 | B57: =YEAR(A57) -> 2024 | C57: =MONTH(A57) -> 3 | D57: RCL | E57: 2672 | F57: 3173 | G57: 4095 | J57: 2.7354
A58: 45362 | B58: =YEAR(A58) -> 2024 | C58: =MONTH(A58) -> 3 | D58: HAPAG | E58: 6210 | F58: 3361 | G58: 3538 | J58: 0.4762
A59: 45363 | B59: =YEAR(A59) -> 2024 | C59: =MONTH(A59) -> 3 | D59: SITC | E59: 10680 | F59: 3167 | G59: 3233 | J59: -0.1476
... A64: 45368 | B64: =YEAR(A64) -> 2024 | C64: =MONTH(A64) -> 3 | D64: SSL | E64: 5173 | F64: 1307 | G64: 1401 | J64: -0.4181
A65: 45369 | B65: =YEAR(A65) -> 2024 | C65: =MONTH(A65) -> 3 | D65: ANL | E65: - | F65: 803 | G65: 0 | J65: 0
A66: 45370 | B66: =YEAR(A66) -> 2024 | C66: =MONTH(A66) -> 3 | D66: HMM | E66: 4666 | F66: 582 | G66: 585 | J66: -0.6865
A67: 45371 | B67: =YEAR(A67) -> 2024 | C67: =MONTH(A67) -> 3 | D67: XCL | E67: 4010 | F67: 265 | G67: 768 | J67: -0.8217
A68: 45372 | B68: =YEAR(A68) -> 2024 | C68: =MONTH(A68) -> 3 | D68: MELL | E68: 269 | F68: 270 | G68: 220 | J68: 0.3011
A69: 45373 | B69: =YEAR(A69) -> 2024 | C69: =MONTH(A69) -> 3 | D69: KRL | E69: 112 | F69: 0 | G69: 0 | J69: -0.375
A70: 45374 | B70: =YEAR(A70) -> 2024 | C70: =MONTH(A70) -> 3 | D70: KSL | E70: - | F70: 0 | G70: 0 | J70: 0
A71: 45383 | B71: =YEAR(A71) -> 2024 | C71: =MONTH(A71) -> 4 | D71: CMA | E71: 48138 | F71: 16375 | G71: 17626 | J71: 0.2241
A72: 45384 | B72: =YEAR(A72) -> 2024 | C72: =MONTH(A72) -> 4 | D72: EMC | E72: 55238 | F72: 11880 | G72: 11725 | J72: 0.0094
A73: 45385 | B73: =YEAR(A73) -> 2024 | C73: =MONTH(A73) -> 4 | D73: MSK | E73: 61173 | F73: 15581 | G73: 15432 | J73: -0.1511
A74: 45386 | B74: =YEAR(A74) -> 2024 | C74: =MONTH(A74) -> 4 | D74: ONE | E74: 42913 | F74: 9166 | G74: 12740 | J74: -0.05
A75: 45387 | B75: =YEAR(A75) -> 2024 | C75: =MONTH(A75) -> 4 | D75: MSC | E75: 41616 | F75: 9904 | G75: 5408 | J75: -0.0495
A76: 45388 | B76: =YEAR(A76) -> 2024 | C76: =MONTH(A76) -> 4 | D76: WHL | E76: 22810 | F76: 6568 | G76: 5217 | J76: 0.3763
A77: 45389 | B77: =YEAR(A77) -> 2024 | C77: =MONTH(A77) -> 4 | D77: COSCO | E77: 45728 | F77: 5820 | G77: 12400 | J77: -0.3937
A78: 45390 | B78: =YEAR(A78) -> 2024 | C78: =MONTH(A78) -> 4 | D78: OOCL | E78: 18000 | F78: 4654 | G78: 5170 | J78: 0.2169
A79: 45391 | B79: =YEAR(A79) -> 2024 | C79: =MONTH(A79) -> 4 | D79: OTHER | E79: 8887 | F79: 1819 | G79: 1382 | J79: 0.8949
A80: 45392 | B80: =YEAR(A80) -> 2024 | C80: =MONTH(A80) -> 4 | D80: RCL | E80: 5811 | F80: 2659 | G80: 3604 | J80: 1.1752
A81: 45393 | B81: =YEAR(A81) -> 2024 | C81: =MONTH(A81) -> 4 | D81: SITC | E81: 13846 | F81: 2988 | G81: 2820 | J81: -0.1267
A82: 45394 | B82: =YEAR(A82) -> 2024 | C82: =MONTH(A82) -> 4 | D82: HAPAG | E82: 8478 | F82: 2888 | G82: 2552 | J82: 0.4219
... A91: 45403 | B91: =YEAR(A91) -> 2024 | C91: =MONTH(A91) -> 4 | D91: MELL | E91: 480 | F91: 0 | G91: 87 | J91: -0.2708
A92: 45404 | B92: =YEAR(A92) -> 2024 | C92: =MONTH(A92) -> 4 | D92: SWI | E92: 0 | F92: 0 | G92: 219 | J92: 0.0%
A93: 45405 | B93: =YEAR(A93) -> 2024 | C93: =MONTH(A93) -> 4 | D93: KRL | E93: 112 | F93: 0 | G93: 0 | J93: -0.375
A94: 45406 | B94: =YEAR(A94) -> 2024 | C94: =MONTH(A94) -> 4 | D94: KSL | E94: - | F94: 0 | G94: 0 | J94: 0
A95: 45413 | B95: =YEAR(A95) -> 2024 | C95: =MONTH(A95) -> 5 | D95: CMA | E95: 60113 | F95: 20193 | G95: 21237 | J95: 0.3162
A96: 45414 | B96: =YEAR(A96) -> 2024 | C96: =MONTH(A96) -> 5 | D96: EMC | E96: 65036 | F96: 17515 | G96: 18391 | J96: 0.1267
A97: 45415 | B97: =YEAR(A97) -> 2024 | C97: =MONTH(A97) -> 5 | D97: MSK | E97: 75633 | F97: 14971 | G97: 13946 | J97: -0.1154
A98: 45416 | B98: =YEAR(A98) -> 2024 | C98: =MONTH(A98) -> 5 | D98: MSC | E98: 50535 | F98: 15075 | G98: 17315 | J98: 0.081
A99: 45417 | B99: =YEAR(A99) -> 2024 | C99: =MONTH(A99) -> 5 | D99: ONE | E99: 52795 | F99: 12013 | G99: 16124 | J99: -0.0002
A100: 45418 | B100: =YEAR(A100) -> 2024 | C100: =MONTH(A100) -> 5 | D100: WHL | E100: 27038 | F100: 7160 | G100: 5192 | J100: 0.4259
A101: 45419 | B101: =YEAR(A101) -> 2024 | C101: =MONTH(A101) -> 5 | D101: COSCO | E101: 56025 | F101: 7961 | G101: 13147 | J101: -0.363
A102: 45420 | B102: =YEAR(A102) -> 2024 | C102: =MONTH(A102) -> 5 | D102: OOCL | E102: 22510 | F102: 5616 | G102: 6328 | J102: 0.2226
A103: 45421 | B103: =YEAR(A103) -> 2024 | C103: =MONTH(A103) -> 5 | D103: RCL | E103: 7563 | F103: 3699 | G103: 4548 | J103: 1.1604
A104: 45422 | B104: =YEAR(A104) -> 2024 | C104: =MONTH(A104) -> 5 | D104: SITC | E104: 16806 | F104: 3253 | G104: 3234 | J104: -0.0869
A105: 45423 | B105: =YEAR(A105) -> 2024 | C105: =MONTH(A105) -> 5 | D105: HAPAG | E105: 10481 | F105: 3063 | G105: 2931 | J105: 0.4424
A106: 45424 | B106: =YEAR(A106) -> 2024 | C106: =MONTH(A106) -> 5 | D106: YML | E106: 11682 | F106: 2587 | G106: 1752 | J106: 0.0746
A107: 45425 | B107: =YEAR(A107) -> 2024 | C107: =MONTH(A107) -> 5 | D107: KMTC | E107: 11364 | F107: 2680 | G107: 2815 | J107: -0.0971
A108: 45426 | B108: =YEAR(A108) -> 2024 | C108: =MONTH(A108) -> 5 | D108: TSL | E108: 0 | F108: 0 | G108: 1941
A109: 45427 | B109: =YEAR(A109) -> 2024 | C109: =MONTH(A109) -> 5 | D109: OTHER | E109: 11760 | F109: 0 | G109: 1877 | J109: -0.1349
A110: 45428 | B110: =YEAR(A110) -> 2024 | C110: =MONTH(A110) -> 5 | D110: GSL | E110: 4695 | F110: 2136 | G110: 1818 | J110: 0.9304
A111: 45429 | B111: =YEAR(A111) -> 2024 | C111: =MONTH(A111) -> 5 | D111: PIL | E111: 11250 | F111: 848 | G111: 973 | J111: -0.5055
A112: 45430 | B112: =YEAR(A112) -> 2024 | C112: =MONTH(A112) -> 5 | D112: SSL | E112: 8756 | F112: 1368 | G112: 1766 | J112: -0.3792
A113: 45431 | B113: =YEAR(A113) -> 2024 | C113: =MONTH(A113) -> 5 | D113: ANL | E113: 4080 | F113: 1020 | G113: 0 | J113: 0
A114: 45432 | B114: =YEAR(A114) -> 2024 | C114: =MONTH(A114) -> 5 | D114: HMM | E114: 7059 | F114: 581 | G114: 421 | J114: -0.6616
A115: 45433 | B115: =YEAR(A115) -> 2024 | C115: =MONTH(A115) -> 5 | D115: XCL | E115: 5932 | F115: 326 | G115: 589 | J115: -0.7792
A116: 45434 | B116: =YEAR(A116) -> 2024 | C116: =MONTH(A116) -> 5 | D116: MELL | E116: 496 | F116: 43 | G116: 175 | J116: -0.2077
A117: 45435 | B117: =YEAR(A117) -> 2024 | C117: =MONTH(A117) -> 5 | D117: KRL | E117: 318 | F117: 0 | G117: 0 | J117: -0.7799
A118: 45436 | B118: =YEAR(A118) -> 2024 | C118: =MONTH(A118) -> 5 | D118: KSL | E118: 333 | F118: 0 | G118: 0 | J118: -1
A119: 45444 | B119: =YEAR(A119) -> 2024 | C119: =MONTH(A119) -> 6 | D119: CMA | E119: 84109 | F119: 15464 | G119: 18097 | J119: 0.1997
A120: 45444 | B120: =YEAR(A120) -> 2024 | C120: =MONTH(A120) -> 6 | D120: EMC | E120: 80647 | F120: 16058 | G120: 14451 | J120: 0.1077
... A141: 45444 | B141: =YEAR(A141) -> 2024 | C141: =MONTH(A141) -> 6 | D141: KSL | E141: 778 | F141: 0 | G141: 0 | J141: -1
A142: 45444 | B142: =YEAR(A142) -> 2024 | C142: =MONTH(A142) -> 6 | D142: SWI | E142: 0 | F142: 0 | G142: 118
...

Sheet B.OPR DOM
A1: DATE | B1: YEAR | C1: MONTH | D1: LOP | E1: 2022 (TEUS) | F1: 2023 (TEUS) | G1: 2024 (TEUS) | H1: 2025 (TEUS) | I1: 2026 (TEUS) | J1: %
A2: 45292 | B2: =YEAR(A2) -> 2024 | C2: =MONTH(A2) -> 1 | D2: TANTO | E2: 3232 | F2: 3547 | G2: 4338 | J2: 0.0817
A3: 45292 | B3: =YEAR(A3) -> 2024 | C3: =MONTH(A3) -> 1 | D3: SPIL | E3: 2438 | F3: 477 | G3: 5558 | J3: -0.7752
A4: 45292 | B4: =YEAR(A4) -> 2024 | C4: =MONTH(A4) -> 1 | D4: MERATUS | E4: - | F4: 172 | G4: 191 | J4: 0
A5: 45292 | B5: =YEAR(A5) -> 2024 | C5: =MONTH(A5) -> 1 | D5: TEMAS | E5: - | F5: 0 | G5: 0 | J5: 0
A6: 45292 | B6: =YEAR(A6) -> 2024 | C6: =MONTH(A6) -> 1 | D6: ICON | E6: 2543 | F6: 0 | G6: 0 | J6: -1
A7: 45323 | B7: =YEAR(A7) -> 2024 | C7: =MONTH(A7) -> 2 | D7: TANTO | E7: 4185 | F7: 4081 | G7: 4051 | J7: 0.573
A8: 45323 | B8: =YEAR(A8) -> 2024 | C8: =MONTH(A8) -> 2 | D8: SPIL | E8: 4171 | F8: 180 | G8: 3601 | J8: -0.8255
A9: 45323 | B9: =YEAR(A9) -> 2024 | C9: =MONTH(A9) -> 2 | D9: MERATUS | E9: - | F9: 225 | G9: 0 | J9: 0
A10: 45323 | B10: =YEAR(A10) -> 2024 | C10: =MONTH(A10) -> 2 | D10: TEMAS | E10: 6077 | F10: 0 | G10: 0 | J10: -1
A11: 45323 | B11: =YEAR(A11) -> 2024 | C11: =MONTH(A11) -> 2 | D11: ICON | E11: - | F11: 0 | G11: 0 | J11: 0
A12: 45352 | B12: =YEAR(A12) -> 2024 | C12: =MONTH(A12) -> 3 | D12: TANTO | E12: 3549 | F12: 5452 | G12: 5594 | J12: 1.3435
A13: 45352 | B13: =YEAR(A13) -> 2024 | C13: =MONTH(A13) -> 3 | D13: SPIL | E13: 5684 | F13: 859 | G13: 2383 | J13: -0.7097
A14: 45352 | B14: =YEAR(A14) -> 2024 | C14: =MONTH(A14) -> 3 | D14: MERATUS | E14: - | F14: 140 | G14: 0 | J14: 0
A15: 45352 | B15: =YEAR(A15) -> 2024 | C15: =MONTH(A15) -> 3 | D15: ICON | E15: 9318 | F15: - | G15: 399 | J15: -1
A16: 45352 | B16: =YEAR(A16) -> 2024 | C16: =MONTH(A16) -> 3 | D16: TEMAS | E16: - | F16: - | G16: 0 | J16: 0
A17: 45383 | B17: =YEAR(A17) -> 2024 | C17: =MONTH(A17) -> 4 | D17: TANTO | E17: 8966 | F17: 4115 | G17: 2879 | J17: 0.0539
A18: 45383 | B18: =YEAR(A18) -> 2024 | C18: =MONTH(A18) -> 4 | D18: SPIL | E18: 7940 | F18: 0 | G18: 636 | J18: -0.7922
A19: 45383 | B19: =YEAR(A19) -> 2024 | C19: =MONTH(A19) -> 4 | D19: MERATUS | E19: 63 | F19: 33 | G19: 294 | J19: 10.3492
A20: 45383 | B20: =YEAR(A20) -> 2024 | C20: =MONTH(A20) -> 4 | D20: ICON | E20: 11611 | F20: 0 | G20: 198 | J20: -1
A21: 45383 | B21: =YEAR(A21) -> 2024 | C21: =MONTH(A21) -> 4 | D21: TEMAS | E21: - | F21: 220 | G21: 0 | J21: 0
A22: 45413 | B22: =YEAR(A22) -> 2024 | C22: =MONTH(A22) -> 5 | D22: TANTO | E22: 12171 | F22: 2915 | G22: 1622 | J22: 0.7423
A23: 45413 | B23: =YEAR(A23) -> 2024 | C23: =MONTH(A23) -> 5 | D23: SPIL | E23: 8871 | F23: 0 | G23: 1861 | J23: -0.814
A24: 45413 | B24: =YEAR(A24) -> 2024 | C24: =MONTH(A24) -> 5 | D24: MERATUS | E24: 63 | F24: 15 | G24: 299 | J24: 10.5873
A25: 45413 | B25: =YEAR(A25) -> 2024 | C25: =MONTH(A25) -> 5 | D25: ICON | E25: 13949 | F25: 0 | G25: 0 | J25: -1
A26: 45413 | B26: =YEAR(A26) -> 2024 | C26: =MONTH(A26) -> 5 | D26: TEMAS | E26: - | F26: 510 | G26: 0 | J26: 0
A27: 45444 | B27: =YEAR(A27) -> 2024 | C27: =MONTH(A27) -> 6 | D27: TANTO | E27: 15610 | F27: 2823 | G27: 3982 | J27: 0.5393
A28: 45444 | B28: =YEAR(A28) -> 2024 | C28: =MONTH(A28) -> 6 | D28: SPIL | E28: 10417 | F28: 2128 | G28: 2582 | J28: -0.6373
A29: 45444 | B29: =YEAR(A29) -> 2024 | C29: =MONTH(A29) -> 6 | D29: MERATUS | E29: 63 | F29: 128 | G29: 136 | J29: 12.619
A30: 45444 | B30: =YEAR(A30) -> 2024 | C30: =MONTH(A30) -> 6 | D30: ICON | E30: 16437 | F30: 0 | G30: 0 | J30: -1
A31: 45444 | B31: =YEAR(A31) -> 2024 | C31: =MONTH(A31) -> 6 | D31: TEMAS | E31: - | F31: 127 | G31: 0 | J31: 0
A32: 45474 | B32: =YEAR(A32) -> 2024 | C32: =MONTH(A32) -> 7 | D32: TANTO | E32: 17213 | F32: 677 | G32: 3226 | J32: 0.4353
A33: 45474 | B33: =YEAR(A33) -> 2024 | C33: =MONTH(A33) -> 7 | D33: SPIL | E33: 11331 | F33: 1097 | G33: 1403 | J33: -0.5698
A34: 45474 | B34: =YEAR(A34) -> 2024 | C34: =MONTH(A34) -> 7 | D34: MERATUS | E34: 67 | F34: 628 | G34: 494 | J34: 21.1791
A35: 45474 | B35: =YEAR(A35) -> 2024 | C35: =MONTH(A35) -> 7 | D35: TEMAS | E35: - | F35: 53 | G35: 241 | J35: 0
A36: 45474 | B36: =YEAR(A36) -> 2024 | C36: =MONTH(A36) -> 7 | D36: ICON | E36: 18934 | F36: 0 | G36: 0 | J36: -0.9913
A37: 45505 | B37: =YEAR(A37) -> 2024 | C37: =MONTH(A37) -> 8 | D37: TANTO | E37: 20568 | F37: 3474 | G37: 4555 | J37: 0.37
A38: 45505 | B38: =YEAR(A38) -> 2024 | C38: =MONTH(A38) -> 8 | D38: SPIL | E38: 11331 | F38: 2640 | G38: 803 | J38: -0.3368
A39: 45505 | B39: =YEAR(A39) -> 2024 | C39: =MONTH(A39) -> 8 | D39: MERATUS | E39: 69 | F39: 527 | G39: 0 | J39: 28.1739
A40: 45505 | B40: =YEAR(A40) -> 2024 | C40: =MONTH(A40) -> 8 | D40: TEMAS | E40: - | F40: 121 | G40: 0 | J40: 0
A41: 45505 | B41: =YEAR(A41) -> 2024 | C41: =MONTH(A41) -> 8 | D41: ICON | E41: 22059 | F41: 0 | G41: 0 | J41: -0.9535
A42: 45505 | B42: =YEAR(A42) -> 2024 | C42: =MONTH(A42) -> 8 | D42: PPNP | E42: 0 | F42: 0 | G42: 2 | J42: =AVERAGE(E42:G42) -> 0.66666667
A43: 45536 | B43: =YEAR(A43) -> 2024 | C43: =MONTH(A43) -> 9 | D43: TANTO | E43: 23194 | F43: 2846 | G43: 4555 | J43: 0.3376
A44: 45536 | B44: =YEAR(A44) -> 2024 | C44: =MONTH(A44) -> 9 | D44: SPI | E44: 11331 | F44: 3848 | G44: 803 | J44: 0.0028
A45: 45536 | B45: =YEAR(A45) -> 2024 | C45: =MONTH(A45) -> 9 | D45: ICON | E45: 25421 | F45: 0 | G45: 0 | J45: -0.9171
A46: 45536 | B46: =YEAR(A46) -> 2024 | C46: =MONTH(A46) -> 9 | D46: MERATUS | E46: 73 | F46: 7 | G46: 0 | J46: 26.6712
A47: 45536 | B47: =YEAR(A47) -> 2024 | C47: =MONTH(A47) -> 9 | D47: TEMAS | E47: - | F47: 0 | G47: 0 | J47: 0
A48: 45536 | B48: =YEAR(A48) -> 2024 | C48: =MONTH(A48) -> 9 | D48: PPNP | E48: 0 | F48: 0 | G48: 2 | J48: 0
A49: 45566 | B49: =YEAR(A49) -> 2024 | C49: =MONTH(A49) -> 10 | D49: TANTO | E49: 25077 | F49: 2020 | G49: 4755 | J49: 0.3177
A50: 45566 | B50: =YEAR(A50) -> 2024 | C50: =MONTH(A50) -> 10 | D50: SPI | E50: 11331 | F50: 4782 | G50: 1063 | J50: 0.4249
A51: 45566 | B51: =YEAR(A51) -> 2024 | C51: =MONTH(A51) -> 10 | D51: MERATUS | E51: 303 | F51: 109 | G51: 525 | J51: 6.0264
A52: 45566 | B52: =YEAR(A52) -> 2024 | C52: =MONTH(A52) -> 10 | D52: ICON | E52: 25429 | F52: 0 | G52: 152 | J52: -0.9171
A53: 45566 | B53: =YEAR(A53) -> 2024 | C53: =MONTH(A53) -> 10 | D53: TEMAS | E53: - | F53: 294 | G53: 0 | J53: 0
A54: 45597 | B54: =YEAR(A54) -> 2024 | C54: =MONTH(A54) -> 11 | D54: TANTO | E54: 27779 | F54: 3149 | G54: 2558 | J54: 0.3029
A55: 45597 | B55: =YEAR(A55) -> 2024 | C55: =MONTH(A55) -> 11 | D55: SPI | E55: 13281 | F55: 4864 | G55: 728 | J55: 0.5819
A56: 45597 | B56: =YEAR(A56) -> 2024 | C56: =MONTH(A56) -> 11 | D56: MERATUS | E56: 716 | F56: 1033 | G56: 118 | J56: 3.4162
A57: 45597 | B57: =YEAR(A57) -> 2024 | C57: =MONTH(A57) -> 11 | D57: TEMAS | E57: - | F57: 1118 | G57: 0 | J57: 0
A58: 45597 | B58: =YEAR(A58) -> 2024 | C58: =MONTH(A58) -> 11 | D58: ICON | E58: 25430 | F58: 0 | G58: 0 | J58: -0.9171
A59: 45597 | B59: =YEAR(A59) -> 2024 | C59: =MONTH(A59) -> 11 | D59: SSL | E59: 0 | F59: 0 | G59: 1177 | J59: 0
A60: 45627 | B60: =YEAR(A60) -> 2024 | C60: =MONTH(A60) -> 12 | D60: TANTO | E60: 30767 | F60: 3053 | G60: 4316 | J60: 0.2756
A61: 45627 | B61: =YEAR(A61) -> 2024 | C61: =MONTH(A61) -> 12 | D61: SPI | E61: 14327 | F61: 5383 | G61: 1080 | J61: 0.8421
A62: 45627 | B62: =YEAR(A62) -> 2024 | C62: =MONTH(A62) -> 12 | D62: MERATUS | E62: 1186 | F62: 1095 | G62: 1193 | J62: 2.5894
A63: 45627 | B63: =YEAR(A63) -> 2024 | C63: =MONTH(A63) -> 12 | D63: TEMAS | E63: - | F63: 1597 | G63: 0 | J63: 0
A64: 45627 | B64: =YEAR(A64) -> 2024 | C64: =MONTH(A64) -> 12 | D64: ICON | E64: 25431 | F64: 0 | G64: 0 | J64: -0.9015
A65: 45658 | B65: =YEAR(A65) -> 2025 | C65: =MONTH(A65) -> 1 | D65: TANTO | H65: 4397
A66: 45658 | B66: =YEAR(A66) -> 2025 | C66: =MONTH(A66) -> 1 | D66: SPIL | H66: 921
A67: 45658 | B67: =YEAR(A67) -> 2025 | C67: =MONTH(A67) -> 1 | D67: MERATUS | H67: 244
A68: 45658 | B68: =YEAR(A68) -> 2025 | C68: =MONTH(A68) -> 1 | D68: TEMAS | H68: 0
A69: 45658 | B69: =YEAR(A69) -> 2025 | C69: =MONTH(A69) -> 1 | D69: ICON | H69: 377
A70: 45689 | B70: =YEAR(A70) -> 2025 | C70: =MONTH(A70) -> 2 | D70: TANTO | H70: 9153
A71: 45689 | B71: =YEAR(A71) -> 2025 | C71: =MONTH(A71) -> 2 | D71: SPIL | H71: 2590
A72: 45689 | B72: =YEAR(A72) -> 2025 | C72: =MONTH(A72) -> 2 | D72: MERATUS | H72: 817
A73: 45689 | B73: =YEAR(A73) -> 2025 | C73: =MONTH(A73) -> 2 | D73: TEMAS | H73: 0
A74: 45689 | B74: =YEAR(A74) -> 2025 | C74: =MONTH(A74) -> 2 | D74: ICON | H74: 1096
A75: 45717 | B75: =YEAR(A75) -> 2025 | C75: =MONTH(A75) -> 3 | D75: TANTO | H75: 13621
A76: 45717 | B76: =YEAR(A76) -> 2025 | C76: =MONTH(A76) -> 3 | D76: SPIL | H76: 3112
... A138: 45992 | B138: =YEAR(A138) -> 2025 | C138: =MONTH(A138) -> 12 | D138: TEMAS | H138: 0
A139: 46038 | B139: 2026 | C139: =MONTH(A139) -> 1 | D139: TANTO | I139: 2928 | J139: -0.3341
A140: 46039 | B140: 2026 | C140: =MONTH(A140) -> 1 | D140: SPI | I140: 2660 | J140: 3.0673
A141: 46040 | B141: 2026 | C141: =MONTH(A141) -> 1 | D141: MERATUS | I141: 1346 | J141: 4.562
A142: 46041 | B142: 2026 | C142: =MONTH(A142) -> 1 | D142: TEMAS | I142: 0 | J142: 0
A143: 46043 | B143: 2026 | C143: =MONTH(A143) -> 1 | D143: PPNP | I143: 0 | J143: 0
A144: 46044 | B144: 2026 | C144: =MONTH(A144) -> 1 | D144: ICON | I144: 0 | J144: 0

Sheet TOP SERVICES
A1: No. | B1: DATE | C1: YEAR | D1: MONTH | E1: VESSEL OPERATOR | F1: SERVICE | G1: ROUTES | H1: CITY PORT | I1: Service Mode | J1: Total Call | K1: BMPH | L1: GMPH | M1: Average CD | N1: Boxes* | O1: TEUs | P1: ON | Q1: Moves | R1: TEUS | S1: STATUS
A2: 1 | B2: 44562 | C2: =YEAR(B2) -> 2022 | D2: =MONTH(B2) -> 1 | E2: COS | F2: GMI | G2: IDJKT-IDSUB-SGSIN-MYPGU-SGSIN-MYKLA | H2: Jakarta-Surabaya-Singapore-Pasir Gudang-Singapore-Port Kelang West | I2: Feeder | J2: 4 | K2: 37.5425 | L2: 23.34 | M2: 1.68 | N2: 499.75 | O2: 670.75 | P2: 0.5 | Q2: 1999 | R2: 2683 | S2: INTERNATIONAL
A3: 2 | B3: 44563 | C3: =YEAR(B3) -> 2022 | D3: =MONTH(B3) -> 1 | E3: COS | F3: SSS-SAT | G3: SGSIN-IDSUB-SGSIN | H3: Singapore-Surabaya-Singapore | I3: Feeder | J3: 1 | K3: 69.53 | L3: 34.45 | M3: 2.09 | N3: 2041 | O3: 3018 | P3: 1 | Q3: 2041 | R3: 3018 | S3: INTERNATIONAL
A4: 3 | B4: 44564 | C4: =YEAR(B4) -> 2022 | D4: =MONTH(B4) -> 1 | E4: COS | F4: SSS-WED | G4: SGSIN-IDSUB-SGSIN | H4: Singapore-Surabaya-Singapore | I4: Feeder | J4: 1 | K4: 88.67 | L4: 36.55 | M4: 2.63 | N4: 1891 | O4: 2919 | P4: 1 | Q4: 1891 | R4: 2919 | S4: INTERNATIONAL
A5: 4 | B5: 44565 | C5: =YEAR(B5) -> 2022 | D5: =MONTH(B5) -> 1 | E5: GSL | F5: ITS | G5: MYKLA-SGSIN-IDSRG-IDSUB-MYKLA- SGSIN-THBKK THSCS-THLCH | H5: Port Klang-Singapore-Semarang-Surabaya-Port Klang- Singapore-Bangkok Sahathai Terminal-Laem Chabang | I5: Feeder | J5: 1 | K5: 47.24 | L5: 24.88 | M5: 2.08 | N5: 812 | O5: 1184 | P5: 1 | Q5: 812 | R5: 1184 | S5: INTERNATIONAL
A6: 5 | B6: 44566 | C6: =YEAR(B6) -> 2022 | D6: =MONTH(B6) -> 1 | E6: EMC | F6: CIT | G6: CNNBO-CNSGH-HKHKG (Zhujiang)-CNSHK-IDSUB-IDSRG-IDJKT-SGSIN-THLCH-HKHKG-CNNBO | H6: Ningbo-Shanghai-Hong Kong (Zhujiang)-Shekou-Surabaya-Semarang-Jakarta-Singapore-Laemchabang-Hong Kong-Ningbo | I6: Direct | J6: 3 | K6: 54.73667 | L6: 32.47 | M6: 1.69 | N6: 388.3333 | O6: 625.6667 | P6: 0.333333 | Q6: 1165 | R6: 1877 | S6: INTERNATIONAL
A7: 6 | B7: 44567 | C7: =YEAR(B7) -> 2022 | D7: =MONTH(B7) -> 1 | E7: EMC | F7: JPI-A | G7: JPYOK-JPTYO-JPSMZ-JPNGO-JPUKB-TWTPE-TWKHH-PHMNL South-IDSUB-IDJKT-MYTPP-MYBTU-TWKHH | H7: Yokohama-Tokyo-Shimizu-Nagoya-Kobe-Taipei-Kaohsiung-Manila South-Surabaya-Jakarta-Tanjung Pelepas-Bintulu-Kaohsiung | I7: Direct | J7: 4 | K7: 53.41 | L7: 27.5325 | M7: 2.055 | N7: 757.5 | O7: 1179.5 | P7: 1 | Q7: 3030 | R7: 4718 | S7: INTERNATIONAL
A8: 7 | B8: 44568 | C8: =YEAR(B8) -> 2022 | D8: =MONTH(B8) -> 1 | E8: EMC | F8: JPI-B | G8: CNSHK-HKHKG-IDJKT-IDSRG-IDSUB-PHMNL South-TWKHH-TWTPE-JPYOK | H8: Shekou-Hong Kong-Jakarta-Semarang-Surabaya-Manila South-Kaohsiung-Taipei-Yokohama | I8: Direct | J8: 3 | K8: 33.73 | L8: 20.14667 | M8: 1.643333 | N8: 691 | O8: 1076.333 | P8: 0 | Q8: 2073 | R8: 3229 | S8: INTERNATIONAL
A9: 8 | B9: 44569 | C9: =YEAR(B9) -> 2022 | D9: =MONTH(B9) -> 1 | E9: EMC | F9: TMI | G9: IDSUB-IDSRG-MYTPP-THLCH | H9: Surabaya-Semarang-Tanjung Pelepas-Laemchabang | I9: Feeder | J9: 3 | K9: 42.77 | L9: 23.80667 | M9: 1.92 | N9: 521 | O9: 799 | P9: 0 | Q9: 1563 | R9: 2397 | S9: INTERNATIONAL
A10: 9 | B10: 44570 | C10: =YEAR(B10) -> 2022 | D10: =MONTH(B10) -> 1 | E10: EMC | F10: TIS (Discontinue) | G10: - | H10: - | J10: 0 | K10: 0 | L10: 0 | M10: 0 | N10: 0 | O10: 0 | P10: 0 | Q10: 0 | R10: 0 | S10: INTERNATIONAL
A11: 10 | B11: 44571 | C11: =YEAR(B11) -> 2022 | D11: =MONTH(B11) -> 1 | E11: KMT | F11: CKI | G11: KRPUS-KRKWA-CNSGH-CNNBO-HKHKG-IDJKT-IDSUB-VNSGN VNCLI-CNNBO-CNSGH-KRPUS | H11: Pusan-Kwangyang-Shanghai-Ningbo-Hongkong-Jakarta-Surabaya-Hochiminh Cat Lai-Ningbo-Shanghai-Pusan | I11: Direct | J11: 4 | K11: 45.57 | L11: 24.795 | M11: 2.0175 | N11: 692.25 | O11: 1017.5 | P11: 0 | Q11: 2769 | R11: 4070 | S11: INTERNATIONAL
A12: 11 | B12: 44572 | C12: =YEAR(B12) -> 2022 | D12: =MONTH(B12) -> 1 | E12: KAL | F12: Ad Hoc KRL | G12: Various route | H12: Various route | I12: Ad Hoc | J12: 1 | K12: 22.17 | L12: 22.04 | M12: 1.12 | N12: 458 | O12: 458 | P12: 1 | Q12: 458 | R12: 458 | S12: INTERNATIONAL
A13: 12 | B13: 44573 | C13: =YEAR(B13) -> 2022 | D13: =MONTH(B13) -> 1 | E13: MEL | F13: SDS | G13: IDSUB-TLDIL-IDSUB-SGSIN (optional)-IDSUB | H13: Surabaya-Dili-Surabaya-Singapore (optional)-Surabaya | I13: Feeder | J13: 0 | K13: 0 | L13: 0 | M13: 0 | N13: 0 | O13: 0 | P13: 0 | Q13: 0 | R13: 0 | S13: INTERNATIONAL
A14: 13 | B14: 44574 | C14: =YEAR(B14) -> 2022 | D14: =MONTH(B14) -> 1 | E14: KSL | F14: KPG | G14: IDJKT-IDSUB-MYKLA West-INNSA-AEJEA-LKCMB-SADMM-PKKHI-INMUN | H14: Jakarta-Surabaya-Port Klang West-Nhava Sheva-Jebel Ali-Colomba-Dammam-Karachi-Mundra | I14: Direct | J14: 0 | K14: 0 | L14: 0 | M14: 0 | N14: 0 | O14: 0 | P14: 0 | Q14: 0 | R14: 0 | S14: INTERNATIONAL
A15: 14 | B15: 44575 | C15: =YEAR(B15) -> 2022 | D15: =MONTH(B15) -> 1 | E15: MSC | F15: NEW JAVA F | G15: SGSIN-MYTPP-IDJKT-IDSUB-SGSIN | H15: Singapore-Tanjung Pelepas-Jakarta-Surabaya-Singapore | I15: Feeder | J15: 3 | K15: 67 | L15: 28 | M15: 2.4 | N15: 2283 | O15: 3653 | P15: 0.67 | Q15: 6849 | R15: 10960 | S15: INTERNATIONAL
A16: 15 | B16: 44576 | C16: =YEAR(B16) -> 2022 | D16: =MONTH(B16) -> 1 | E16: MSC | F16: NEW JAVA T | G16: SGSIN-MYTPP-IDSRG-IDSUB | H16: Singapore-Tanjung Pelepas-Semarang-Surabaya | I16: Feeder | J16: 1 | K16: 16 | L16: 22 | M16: 1.5 | N16: 286 | O16: 498 | P16: 0 | Q16: 286 | R16: 498 | S16: INTERNATIONAL
A17: 16 | B17: 44577 | C17: =YEAR(B17) -> 2022 | D17: =MONTH(B17) -> 1 | E17: MSC | F17: DOLPHIN | G17: CNSGH-CNNBO-CNXAM-MYTPP-SGSIN-IDJKT-IDSUB-MYTPP-SGSIN-THLCH-VNVUT-CNSGH | H17: Shanghai-Ningbo-Xiamen-Tanjung Pelepas-Singapore-Jakarta-Surabaya-Tanjung Pelepas-Singapore-Laem Chabang-Vung Tau-Shanghai | I17: Direct | J17: 0 | K17: 0 | L17: 0 | M17: 0 | N17: 0 | O17: 0 | P17: 0 | Q17: 0 | R17: 0 | S17: INTERNATIONAL
A18: 17 | B18: 44578 | C18: =YEAR(B18) -> 2022 | D18: =MONTH(B18) -> 1 | E18: MSK | F18: IA-8 | G18: CNSGH-CNTXG-CNQIN-TWKEL-SGSIN-MYTPP-IDJKT-IDSUB-PHDVO-CNSGH | H18: Shanghai-Xingang-Qingdao-Keelung-Singapore-Tanjung Pelepas-Jakarta-Surabaya-Davao-Shanghai | I18: Direct | J18: 4 | K18: 74 | L18: 27 | M18: 2.8 | N18: 2444 | O18: 3929 | P18: 0.5 | Q18: 9776 | R18: 15717 | S18: INTERNATIONAL
A19: 18 | B19: 44579 | C19: =YEAR(B19) -> 2022 | D19: =MONTH(B19) -> 1 | E19: ONE | F19: CS 2 | G19: HKHKG–CNNSH–CNSHK–IDSUB–IDSRG– IDJKT–MYKLA (North)–MYKLA (West)– HKHKG | H19: HongKong–Nansha–Shekou–Surabaya–Semarang– Jakarta–Port Klang (North)–Port Klang (West)– HongKong | I19: Direct | J19: 1 | K19: 33 | L19: 21 | M19: 1.7 | N19: 614 | O19: 948 | P19: 0 | Q19: 614 | R19: 948 | S19: INTERNATIONAL
A20: 19 | B20: 44580 | C20: =YEAR(B20) -> 2022 | D20: =MONTH(B20) -> 1 | E20: OOL | F20: ITS | G20: MYKLA-SGSIN-IDSRG-IDSUB-MYKLA- SGSIN-THBKK THSCS-THLCH | H20: Port Klang-Singapore-Semarang-Surabaya-Port Klang- Singapore-Bangkok Sahathai Terminal-Laem Chabang | I20: Feeder | J20: 2 | K20: 45 | L20: 28 | M20: 1.8 | N20: 710 | O20: 1087 | P20: 0 | Q20: 1420 | R20: 3260 | S20: INTERNATIONAL
A21: 20 | B21: 44581 | C21: =YEAR(B21) -> 2022 | D21: =MONTH(B21) -> 1 | E21: PIL | F21: SSE | G21: SGSIN-IDSUB-SGSIN | H21: Singapore-Surabaya-Singapore | I21: Feeder | J21: 0 | K21: 0 | L21: 0 | M21: 0 | N21: 0 | O21: 0 | P21: 0 | Q21: 0 | R21: 0 | S21: INTERNATIONAL
A22: 21 | B22: 44582 | C22: =YEAR(B22) -> 2022 | D22: =MONTH(B22) -> 1 | E22: PIL | F22: SUS | G22: - | H22: - | I22: - | J22: 0 | K22: 0 | L22: 0 | M22: 0 | N22: 0 | O22: 0 | P22: 0 | Q22: 0 | R22: 0 | S22: INTERNATIONAL
... A44: 43 | B44: 44600 | C44: =YEAR(B44) -> 2022 | D44: =MONTH(B44) -> 2 | E44: EMC | F44: TMI | G44: IDSUB-IDSRG-MYTPP-THLCH | H44: Surabaya-Semarang-Tanjung Pelepas-Laemchabang | I44: Feeder | J44: 4 | K44: 39 | L44: 21 | M44: 2 | N44: 473 | O44: 751 | P44: 0.5 | Q44: 1892 | R44: 3003 | S44: INTERNATIONAL
A45: 44 | B45: 44601 | C45: =YEAR(B45) -> 2022 | D45: =MONTH(B45) -> 2 | E45: EMC | F45: TIS (Discontinue) | G45: - | H45: - | J45: 0 | K45: 0 | L45: 0 | M45: 0 | N45: 0 | O45: 0 | P45: 0 | Q45: 0 | R45: 0 | S45: INTERNATIONAL
A46: 45 | B46: 44602 | C46: =YEAR(B46) -> 2022 | D46: =MONTH(B46) -> 2 | E46: KMT | F46: CKI | G46: KRPUS-KRKWA-CNSGH-CNNBO-HKHKG-IDJKT-IDSUB-VNSGN VNCLI-CNNBO-CNSGH-KRPUS | H46: Pusan-Kwangyang-Shanghai-Ningbo-Hongkong-Jakarta-Surabaya-Hochiminh Cat Lai-Ningbo-Shanghai-Pusan | I46: Direct | J46: 3 | K46: 35 | L46: 19 | M46: 1.8 | N46: 654 | O46: 944 | P46: 0.67 | Q46: 1961 | R46: 2831 | S46: INTERNATIONAL
A47: 46 | B47: 44603 | C47: =YEAR(B47) -> 2022 | D47: =MONTH(B47) -> 2 | E47: KAL | F47: Ad Hoc KRL | G47: Various route | H47: Various route | I47: Ad Hoc | J47: 0 | K47: 0 | L47: 0 | M47: 0 | N47: 0 | O47: 0 | P47: 0 | Q47: 0 | R47: 0 | S47: INTERNATIONAL
A48: 47 | B48: 44604 | C48: =YEAR(B48) -> 2022 | D48: =MONTH(B48) -> 2 | E48: MEL | F48: SDS | G48: IDSUB-TLDIL-IDSUB-SGSIN (optional)-IDSUB | H48: Surabaya-Dili-Surabaya-Singapore (optional)-Surabaya | I48: Feeder | J48: 0 | K48: 0 | L48: 0 | M48: 0 | N48: 0 | O48: 0 | P48: 0 | Q48: 0 | R48: 0 | S48: INTERNATIONAL
A49: 48 | B49: 44605 | C49: =YEAR(B49) -> 2022 | D49: =MONTH(B49) -> 2 | E49: KSL | F49: KPG | G49: IDJKT-IDSUB-MYKLA West-INNSA-AEJEA-LKCMB-SADMM-PKKHI-INMUN | H49: Jakarta-Surabaya-Port Klang West-Nhava Sheva-Jebel Ali-Colomba-Dammam-Karachi-Mundra | I49: Direct | J49: 0 | K49: 0 | L49: 0 | M49: 0 | N49: 0 | O49: 0 | P49: 0 | Q49: 0 | R49: 0 | S49: INTERNATIONAL
A50: 49 | B50: 44606 | C50: =YEAR(B50) -> 2022 | D50: =MONTH(B50) -> 2 | E50: MSC | F50: NEW JAVA F | G50: SGSIN-MYTPP-IDJKT-IDSUB-SGSIN | H50: Singapore-Tanjung Pelepas-Jakarta-Surabaya-Singapore | I50: Feeder | J50: 3 | K50: 59 | L50: 26 | M50: 2.4 | N50: 1766 | O50: 2741 | P50: 0.33 | Q50: 5297 | R50: 8222 | S50: INTERNATIONAL
A51: 50 | B51: 44607 | C51: =YEAR(B51) -> 2022 | D51: =MONTH(B51) -> 2 | E51: MSC | F51: NEW JAVA T | G51: SGSIN-MYTPP-IDSRG-IDSUB | H51: Singapore-Tanjung Pelepas-Semarang-Surabaya | I51: Feeder | J51: 1 | K51: 51 | L51: 24 | M51: 2.3 | N51: 1454 | O51: 2262 | P51: 0 | Q51: 1454 | R51: 2262 | S51: INTERNATIONAL
A52: 51 | B52: 44608 | C52: =YEAR(B52) -> 2022 | D52: =MONTH(B52) -> 2 | E52: MSC | F52: DOLPHIN | G52: CNSGH-CNNBO-CNXAM-MYTPP-SGSIN-IDJKT-IDSUB-MYTPP-SGSIN-THLCH-VNVUT-CNSGH | H52: Shanghai-Ningbo-Xiamen-Tanjung Pelepas-Singapore-Jakarta-Surabaya-Tanjung Pelepas-Singapore-Laem Chabang-Vung Tau-Shanghai | I52: Direct | J52: 0 | K52: 0 | L52: 0 | M52: 0 | N52: 0 | O52: 0 | P52: 0 | Q52: 0 | R52: 0 | S52: INTERNATIONAL
A53: 52 | B53: 44609 | C53: =YEAR(B53) -> 2022 | D53: =MONTH(B53) -> 2 | E53: MSK | F53: IA-8 | G53: CNSGH-CNTXG-CNQIN-TWKEL-SGSIN-MYTPP-IDJKT-IDSUB-PHDVO-CNSGH | H53: Shanghai-Xingang-Qingdao-Keelung-Singapore-Tanjung Pelepas-Jakarta-Surabaya-Davao-Shanghai | I53: Direct | J53: 4 | K53: 61 | L53: 25 | M53: 2.4 | N53: 2430 | O53: 3780 | P53: 0.25 | Q53: 9719 | R53: 15119 | S53: INTERNATIONAL
A54: 53 | B54: 44610 | C54: =YEAR(B54) -> 2022 | D54: =MONTH(B54) -> 2 | E54: ONE | F54: CS 2 | G54: HKHKG–CNNSH–CNSHK–IDSUB–IDSRG– IDJKT–MYKLA (North)–MYKLA (West)– HKHKG | H54: HongKong–Nansha–Shekou–Surabaya–Semarang– Jakarta–Port Klang (North)–Port Klang (West)– HongKong | I54: Direct | J54: 2 | K54: 32 | L54: 24 | M54: 1.6 | N54: 651 | O54: 1022 | P54: 0 | Q54: 1302 | R54: 2044 | S54: INTERNATIONAL
A55: 54 | B55: 44611 | C55: =YEAR(B55) -> 2022 | D55: =MONTH(B55) -> 2 | E55: OOL | F55: ITS | G55: MYKLA-SGSIN-IDSRG-IDSUB-MYKLA- SGSIN-THBKK THSCS-THLCH | H55: Port Klang-Singapore-Semarang-Surabaya-Port Klang- Singapore-Bangkok Sahathai Terminal-Laem Chabang | I55: Feeder | J55: 1 | K55: 33 | L55: 15 | M55: 2 | N55: 710 | O55: 1120 | P55: 0 | Q55: 710 | R55: 2240 | S55: INTERNATIONAL
A56: 55 | B56: 44612 | C56: =YEAR(B56) -> 2022 | D56: =MONTH(B56) -> 2 | E56: PIL | F56: SSE | G56: SGSIN-IDSUB-SGSIN | H56: Singapore-Surabaya-Singapore | I56: Feeder | J56: 0 | K56: 0 | L56: 0 | M56: 0 | N56: 0 | O56: 0 | P56: 0 | Q56: 0 | R56: 0 | S56: INTERNATIONAL
A57: 56 | B57: 44613 | C57: =YEAR(B57) -> 2022 | D57: =MONTH(B57) -> 2 | E57: PIL | F57: SUS | G57: - | H57: - | I57: - | J57: 0 | K57: 0 | L57: 0 | M57: 0 | N57: 0 | O57: 0 | P57: 0 | Q57: 0 | R57: 0 | S57: INTERNATIONAL
... A79: 78 | B79: 44628 | C79: =YEAR(B79) -> 2022 | D79: =MONTH(B79) -> 3 | E79: EMC | F79: TMI | G79: IDSUB-IDSRG-MYTPP-THLCH | H79: Surabaya-Semarang-Tanjung Pelepas-Laemchabang | I79: Feeder | J79: 1 | K79: 49 | L79: 28 | M79: 2 | N79: 505 | O79: 778 | P79: 0 | Q79: 505 | R79: 778 | S79: INTERNATIONAL
A80: 79 | B80: 44629 | C80: =YEAR(B80) -> 2022 | D80: =MONTH(B80) -> 3 | E80: EMC | F80: TIS (Discontinue) | G80: - | H80: - | J80: 0 | K80: 0 | L80: 0 | M80: 0 | N80: 0 | O80: 0 | P80: 0 | Q80: 0 | R80: 0 | S80: INTERNATIONAL
A81: 80 | B81: 44630 | C81: =YEAR(B81) -> 2022 | D81: =MONTH(B81) -> 3 | E81: KMT | F81: CKI | G81: KRPUS-KRKWA-CNSGH-CNNBO-HKHKG-IDJKT-IDSUB-VNSGN VNCLI-CNNBO-CNSGH-KRPUS | H81: Pusan-Kwangyang-Shanghai-Ningbo-Hongkong-Jakarta-Surabaya-Hochiminh Cat Lai-Ningbo-Shanghai-Pusan | I81: Direct | K81: 4 | L81: 39 | M81: 21 | N81: 2 | O81: 695 | P81: 969 | Q81: 0.25 | R81: 2781 | S81: INTERNATIONAL
A82: 81 | B82: 44631 | C82: =YEAR(B82) -> 2022 | D82: =MONTH(B82) -> 3 | E82: KAL | F82: Ad Hoc KRL | G82: Various route | H82: Various route | I82: Ad Hoc | J82: 1 | K82: 26 | L82: 21 | M82: 1.4 | N82: 316 | O82: 317 | P82: 1 | Q82: 316 | R82: 317 | S82: INTERNATIONAL
A83: 82 | B83: 44632 | C83: =YEAR(B83) -> 2022 | D83: =MONTH(B83) -> 3 | E83: MEL | F83: SDS | G83: IDSUB-TLDIL-IDSUB-SGSIN (optional)-IDSUB | H83: Surabaya-Dili-Surabaya-Singapore (optional)-Surabaya | I83: Feeder | J83: 1 | K83: 31 | L83: 29 | M83: 1.4 | N83: 262 | O83: 302 | P83: 0 | Q83: 262 | R83: 302 | S83: INTERNATIONAL
A84: 83 | B84: 44633 | C84: =YEAR(B84) -> 2022 | D84: =MONTH(B84) -> 3 | E84: KSL | F84: KPG | G84: IDJKT-IDSUB-MYKLA West-INNSA-AEJEA-LKCMB-SADMM-PKKHI-INMUN | H84: Jakarta-Surabaya-Port Klang West-Nhava Sheva-Jebel Ali-Colomba-Dammam-Karachi-Mundra | I84: Direct | J84: 1 | K84: 14 | L84: 14 | M84: 1.2 | N84: 139 | O84: 198 | P84: 1 | Q84: 139 | R84: 198 | S84: INTERNATIONAL
A85: 84 | B85: 44634 | C85: =YEAR(B85) -> 2022 | D85: =MONTH(B85) -> 3 | E85: MSC | F85: NEW JAVA F | G85: SGSIN-MYTPP-IDJKT-IDSUB-SGSIN | H85: Singapore-Tanjung Pelepas-Jakarta-Surabaya-Singapore | I85: Feeder | J85: 4 | K85: 64 | L85: 28 | M85: 2.4 | N85: 1894 | O85: 2815 | P85: 0 | Q85: 7575 | R85: 11258 | S85: INTERNATIONAL
A86: 85 | B86: 44635 | C86: =YEAR(B86) -> 2022 | D86: =MONTH(B86) -> 3 | E86: MSC | F86: NEW JAVA T | G86: SGSIN-MYTPP-IDSRG-IDSUB | H86: Singapore-Tanjung Pelepas-Semarang-Surabaya | I86: Feeder | J86: 0 | K86: 0 | L86: 0 | M86: 0 | N86: 0 | O86: 0 | P86: 0 | Q86: 0 | R86: 0 | S86: INTERNATIONAL
A87: 86 | B87: 44636 | C87: =YEAR(B87) -> 2022 | D87: =MONTH(B87) -> 3 | E87: MSC | F87: DOLPHIN | G87: CNSGH-CNNBO-CNXAM-MYTPP-SGSIN-IDJKT-IDSUB-MYTPP-SGSIN-THLCH-VNVUT-CNSGH | H87: Shanghai-Ningbo-Xiamen-Tanjung Pelepas-Singapore-Jakarta-Surabaya-Tanjung Pelepas-Singapore-Laem Chabang-Vung Tau-Shanghai | I87: Direct | J87: 0 | K87: 0 | L87: 0 | M87: 0 | N87: 0 | O87: 0 | P87: 0 | Q87: 0 | R87: 0 | S87: INTERNATIONAL
A88: 87 | B88: 44637 | C88: =YEAR(B88) -> 2022 | D88: =MONTH(B88) -> 3 | E88: MSK | F88: IA-8 | G88: CNSGH-CNTXG-CNQIN-TWKEL-SGSIN-MYTPP-IDJKT-IDSUB-PHDVO-CNSGH | H88: Shanghai-Xingang-Qingdao-Keelung-Singapore-Tanjung Pelepas-Jakarta-Surabaya-Davao-Shanghai | I88: Direct | J88: 4 | K88: 80 | L88: 31 | M88: 2.7 | N88: 2275 | O88: 3552 | P88: 0.75 | Q88: 9098 | R88: 14206 | S88: INTERNATIONAL
A89: 88 | B89: 44638 | C89: =YEAR(B89) -> 2022 | D89: =MONTH(B89) -> 3 | E89: ONE | F89: CS 2 | G89: HKHKG–CNNSH–CNSHK–IDSUB–IDSRG– IDJKT–MYKLA (North)–MYKLA (West)– HKHKG | H89: HongKong–Nansha–Shekou–Surabaya–Semarang– Jakarta–Port Klang (North)–Port Klang (West)– HongKong | I89: Direct | J89: 1 | K89: 71 | L89: 40 | M89: 2.5 | N89: 510 | O89: 713 | P89: 0 | Q89: 510 | R89: 713 | S89: INTERNATIONAL
A90: 89 | B90: 44639 | C90: =YEAR(B90) -> 2022 | D90: =MONTH(B90) -> 3 | E90: OOL | F90: ITS | G90: MYKLA-SGSIN-IDSRG-IDSUB-MYKLA- SGSIN-THBKK THSCS-THLCH | H90: Port Klang-Singapore-Semarang-Surabaya-Port Klang- Singapore-Bangkok Sahathai Terminal-Laem Chabang | I90: Feeder | J90: 2 | K90: 55 | L90: 27 | M90: 2.2 | N90: 797 | O90: 1226 | P90: 0.5 | Q90: 1593 | R90: 3677 | S90: INTERNATIONAL
A91: 90 | B91: 44640 | C91: =YEAR(B91) -> 2022 | D91: =MONTH(B91) -> 3 | E91: PIL | F91: SSE | G91: SGSIN-IDSUB-SGSIN | H91: Singapore-Surabaya-Singapore | I91: Feeder | J91: 0 | K91: 0 | L91: 0 | M91: 0 | N91: 0 | O91: 0 | P91: 0 | Q91: 0 | R91: 0 | S91: INTERNATIONAL
A92: 91 | B92: 44641 | C92: =YEAR(B92) -> 2022 | D92: =MONTH(B92) -> 3 | E92: PIL | F92: SUS | G92: - | H92: - | I92: - | J92: 0 | K92: 0 | L92: 0 | M92: 0 | N92: 0 | O92: 0 | P92: 0 | Q92: 0 | R92: 0 | S92: INTERNATIONAL
A93: 92 | B93: 44642 | C93: =YEAR(B93) -> 2022 | D93: =MONTH(B93) -> 3 | E93: RCL | F93: RMI3 | G93: SGSIN-IDSUB-SGSIN-MYKLA-MYNTL-MYKLA-SGSIN | H93: Singapore-Surabaya-Singapore-Port Klang-Penang-Port Klang-Singapore | I93: Feeder | J93: 2 | K93: 48 | L93: 24 | M93: 2.3 | N93: 754 | O93: 1034 | P93: 0 | Q93: 1507 | R93: 2068 | S93: INTERNATIONAL
... A114: 113 | B114: 44659 | C114: =YEAR(B114) -> 2022 | D114: =MONTH(B114) -> 4 | E114: EMC | F114: TMI | G114: IDSUB-IDSRG-MYTPP-THLCH | H114: Surabaya-Semarang-Tanjung Pelepas-Laemchabang | I114: Feeder | J114: 3 | K114: 35 | L114: 21 | M114: 1.9 | N114: 549 | O114: 847 | P114: 0 | Q114: 1646 | R114: 2540 | S114: INTERNATIONAL
A115: 114 | B115: 44660 | C115: =YEAR(B115) -> 2022 | D115: =MONTH(B115) -> 4 | E115: EMC | F115: TIS (Discontinue) | G115: - | H115: - | J115: 0 | K115: 0 | L115: 0 | M115: 0 | N115: 0 | O115: 0 | P115: 0 | Q115: 0 | R115: 0 | S115: INTERNATIONAL
A116: 115 | B116: 44661 | C116: =YEAR(B116) -> 2022 | D116: =MONTH(B116) -> 4 | E116: KMT | F116: CKI | G116: KRPUS-KRKWA-CNSGH-CNNBO-HKHKG-IDJKT-IDSUB-VNSGN VNCLI-CNNBO-CNSGH-KRPUS | H116: Pusan-Kwangyang-Shanghai-Ningbo-Hongkong-Jakarta-Surabaya-Hochiminh Cat Lai-Ningbo-Shanghai-Pusan | I116: Direct | J116: 1 | K116: 39 | L116: 24 | M116: 1.9 | N116: 764 | O116: 1064 | P116: 0 | Q116: 764 | R116: 1064 | S116: INTERNATIONAL
A117: 116 | B117: 44662 | C117: =YEAR(B117) -> 2022 | D117: =MONTH(B117) -> 4 | E117: KAL | F117: Ad Hoc KRL | G117: Various route | H117: Various route | I117: Ad Hoc | J117: 0 | K117: 0 | L117: 0 | M117: 0 | N117: 0 | O117: 0 | P117: 0 | Q117: 0 | R117: 0 | S117: INTERNATIONAL
A118: 117 | B118: 44663 | C118: =YEAR(B118) -> 2022 | D118: =MONTH(B118) -> 4 | E118: MEL | F118: SDS | G118: IDSUB-TLDIL-IDSUB-SGSIN (optional)-IDSUB | H118: Surabaya-Dili-Surabaya-Singapore (optional)-Surabaya | I118: Feeder | J118: 0 | K118: 0 | L118: 0 | M118: 0 | N118: 0 | O118: 0 | P118: 0 | Q118: 0 | R118: 0 | S118: INTERNATIONAL
A119: 118 | B119: 44664 | C119: =YEAR(B119) -> 2022 | D119: =MONTH(B119) -> 4 | E119: KSL | F119: KPG | G119: IDJKT-IDSUB-MYKLA West-INNSA-AEJEA-LKCMB-SADMM-PKKHI-INMUN | H119: Jakarta-Surabaya-Port Klang West-Nhava Sheva-Jebel Ali-Colomba-Dammam-Karachi-Mundra | I119: Direct | J119: 1 | K119: 13 | L119: 19 | M119: 0.8 | N119: 119 | O119: 171 | P119: 1 | Q119: 119 | R119: 171 | S119: INTERNATIONAL
A120: 119 | B120: 44665 | C120: =YEAR(B120) -> 2022 | D120: =MONTH(B120) -> 4 | E120: MSC | F120: NEW JAVA F | G120: SGSIN-MYTPP-IDJKT-IDSUB-SGSIN | H120: Singapore-Tanjung Pelepas-Jakarta-Surabaya-Singapore | I120: Feeder | J120: 4 | K120: 64 | L120: 28 | M120: 2.4 | N120: 1894 | O120: 2815 | P120: 0 | Q120: 7575 | R120: 11258 | S120: INTERNATIONAL
A121: 120 | B121: 44666 | C121: =YEAR(B121) -> 2022 | D121: =MONTH(B121) -> 4 | E121: MSC | F121: NEW JAVA T | G121: SGSIN-MYTPP-IDSRG-IDSUB | H121: Singapore-Tanjung Pelepas-Semarang-Surabaya | I121: Feeder | J121: 0 | K121: 0 | L121: 0 | M121: 0 | N121: 0 | O121: 0 | P121: 0 | Q121: 0 | R121: 0 | S121: INTERNATIONAL
A122: 121 | B122: 44667 | C122: =YEAR(B122) -> 2022 | D122: =MONTH(B122) -> 4 | E122: MSC | F122: DOLPHIN | G122: CNSGH-CNNBO-CNXAM-MYTPP-SGSIN-IDJKT-IDSUB-MYTPP-SGSIN-THLCH-VNVUT-CNSGH | H122: Shanghai-Ningbo-Xiamen-Tanjung Pelepas-Singapore-Jakarta-Surabaya-Tanjung Pelepas-Singapore-Laem Chabang-Vung Tau-Shanghai | I122: Direct | J122: 0 | K122: 0 | L122: 0 | M122: 0 | N122: 0 | O122: 0 | P122: 0 | Q122: 0 | R122: 0 | S122: INTERNATIONAL
A123: 122 | B123: 44668 | C123: =YEAR(B123) -> 2022 | D123: =MONTH(B123) -> 4 | E123: MSK | F123: IA-8 | G123: CNSGH-CNTXG-CNQIN-TWKEL-SGSIN-MYTPP-IDJKT-IDSUB-PHDVO-CNSGH | H123: Shanghai-Xingang-Qingdao-Keelung-Singapore-Tanjung Pelepas-Jakarta-Surabaya-Davao-Shanghai | I123: Direct | J123: 4 | K123: 66 | L123: 28 | M123: 2.5 | N123: 2739 | O123: 4321 | P123: 1 | Q123: 10956 | R123: 17285 | S123: INTERNATIONAL
A124: 123 | B124: 44669 | C124: =YEAR(B124) -> 2022 | D124: =MONTH(B124) -> 4 | E124: ONE | F124: CS 2 | G124: HKHKG–CNNSH–CNSHK–IDSUB–IDSRG– IDJKT–MYKLA (North)–MYKLA (West)– HKHKG | H124: HongKong–Nansha–Shekou–Surabaya–Semarang– Jakarta–Port Klang (North)–Port Klang (West)– HongKong | I124: Direct | J124: 1 | K124: 37 | L124: 24 | M124: 1.8 | N124: 562 | O124: 815 | P124: 0 | Q124: 562 | R124: 815 | S124: INTERNATIONAL
A125: 124 | B125: 44670 | C125: =YEAR(B125) -> 2022 | D125: =MONTH(B125) -> 4 | E125: OOL | F125: ITS | G125: MYKLA-SGSIN-IDSRG-IDSUB-MYKLA- SGSIN-THBKK THSCS-THLCH | H125: Port Klang-Singapore-Semarang-Surabaya-Port Klang- Singapore-Bangkok Sahathai Terminal-Laem Chabang | I125: Feeder | J125: 1 | K125: 38 | L125: 22 | M125: 1.9 | N125: 719 | O125: 1028 | P125: 1 | Q125: 719 | R125: 2056 | S125: INTERNATIONAL
A126: 125 | B126: 44671 | C126: =YEAR(B126) -> 2022 | D126: =MONTH(B126) -> 4 | E126: PIL | F126: SSE | G126: SGSIN-IDSUB-SGSIN | H126: Singapore-Surabaya-Singapore | I126: Feeder | J126: 0 | K126: 0 | L126: 0 | M126: 0 | N126: 0 | O126: 0 | P126: 0 | Q126: 0 | R126: 0 | S126: INTERNATIONAL
A127: 126 | B127: 44672 | C127: =YEAR(B127) -> 2022 | D127: =MONTH(B127) -> 4 | E127: PIL | F127: SUS | G127: - | H127: - | I127: - | J127: 0 | K127: 0 | L127: 0 | M127: 0 | N127: 0 | O127: 0 | P127: 0 | Q127: 0 | R127: 0 | S127: INTERNATIONAL
... A149: 148 | B149: 44689 | C149: =YEAR(B149) -> 2022 | D149: =MONTH(B149) -> 5 | E149: EMC | F149: TMI | G149: IDSUB-IDSRG-MYTPP-THLCH | H149: Surabaya-Semarang-Tanjung Pelepas-Laemchabang | I149: Feeder | J149: 0 | K149: 0 | L149: 0 | M149: 0 | N149: 0 | O149: 0 | P149: 0 | Q149: 0 | R149: 0 | S149: INTERNATIONAL
A150: 149 | B150: 44690 | C150: =YEAR(B150) -> 2022 | D150: =MONTH(B150) -> 5 | E150: EMC | F150: TIS (Discontinue) | G150: - | H150: - | J150: 0 | K150: 0 | L150: 0 | M150: 0 | N150: 0 | O150: 0 | P150: 0 | Q150: 0 | R150: 0 | S150: INTERNATIONAL
A151: 150 | B151: 44691 | C151: =YEAR(B151) -> 2022 | D151: =MONTH(B151) -> 5 | E151: KMT | F151: CKI | G151: KRPUS-KRKWA-CNSGH-CNNBO-HKHKG-IDJKT-IDSUB-VNSGN VNCLI-CNNBO-CNSGH-KRPUS | H151: Pusan-Kwangyang-Shanghai-Ningbo-Hongkong-Jakarta-Surabaya-Hochiminh Cat Lai-Ningbo-Shanghai-Pusan | I151: Direct | J151: 1 | K151: 30 | L151: 18 | M151: 1.8 | N151: 636 | O151: 858 | P151: 0 | Q151: 636 | R151: 858 | S151: INTERNATIONAL
A152: 151 | B152: 44692 | C152: =YEAR(B152) -> 2022 | D152: =MONTH(B152) -> 5 | E152: KAL | F152: Ad Hoc KRL | G152: Various route | H152: Various route | I152: Ad Hoc | J152: 0 | K152: 0 | L152: 0 | M152: 0 | N152: 0 | O152: 0 | P152: 0 | Q152: 0 | R152: 0 | S152: INTERNATIONAL
A153: 152 | B153: 44693 | C153: =YEAR(B153) -> 2022 | D153: =MONTH(B153) -> 5 | E153: MEL | F153: SDS | G153: IDSUB-TLDIL-IDSUB-SGSIN (optional)-IDSUB | H153: Surabaya-Dili-Surabaya-Singapore (optional)-Surabaya | I153: Feeder | J153: 0 | K153: 0 | L153: 0 | M153: 0 | N153: 0 | O153: 0 | P153: 0 | Q153: 0 | R153: 0 | S153: INTERNATIONAL
A154: 153 | B154: 44694 | C154: =YEAR(B154) -> 2022 | D154: =MONTH(B154) -> 5 | E154: KSL | F154: KPG | G154: IDJKT-IDSUB-MYKLA West-INNSA-AEJEA-LKCMB-SADMM-PKKHI-INMUN | H154: Jakarta-Surabaya-Port Klang West-Nhava Sheva-Jebel Ali-Colomba-Dammam-Karachi-Mundra | I154: Direct | J154: 0 | K154: 0 | L154: 0 | M154: 0 | N154: 0 | O154: 0 | P154: 0 | Q154: 0 | R154: 0 | S154: INTERNATIONAL
A155: 154 | B155: 44695 | C155: =YEAR(B155) -> 2022 | D155: =MONTH(B155) -> 5 | E155: MSC | F155: NEW JAVA F | G155: SGSIN-MYTPP-IDJKT-IDSUB-SGSIN | H155: Singapore-Tanjung Pelepas-Jakarta-Surabaya-Singapore | I155: Feeder | J155: 4 | K155: 65 | L155: 31 | M155: 2.3 | N155: 1696 | O155: 2460 | P155: 0 | Q155: 6783 | R155: 9838 | S155: INTERNATIONAL
A156: 155 | B156: 44696 | C156: =YEAR(B156) -> 2022 | D156: =MONTH(B156) -> 5 | E156: MSC | F156: NEW JAVA T | G156: SGSIN-MYTPP-IDSRG-IDSUB | H156: Singapore-Tanjung Pelepas-Semarang-Surabaya | I156: Feeder | J156: 0 | K156: 0 | L156: 0 | M156: 0 | N156: 0 | O156: 0 | P156: 0 | Q156: 0 | R156: 0 | S156: INTERNATIONAL
A157: 156 | B157: 44697 | C157: =YEAR(B157) -> 2022 | D157: =MONTH(B157) -> 5 | E157: MSC | F157: DOLPHIN | G157: CNSGH-CNNBO-CNXAM-MYTPP-SGSIN-IDJKT-IDSUB-MYTPP-SGSIN-THLCH-VNVUT-CNSGH | H157: Shanghai-Ningbo-Xiamen-Tanjung Pelepas-Singapore-Jakarta-Surabaya-Tanjung Pelepas-Singapore-Laem Chabang-Vung Tau-Shanghai | I157: Direct | J157: 0 | K157: 0 | L157: 0 | M157: 0 | N157: 0 | O157: 0 | P157: 0 | Q157: 0 | R157: 0 | S157: INTERNATIONAL
A158: 157 | B158: 44698 | C158: =YEAR(B158) -> 2022 | D158: =MONTH(B158) -> 5 | E158: MSK | F158: IA-8 | G158: CNSGH-CNTXG-CNQIN-TWKEL-SGSIN-MYTPP-IDJKT-IDSUB-PHDVO-CNSGH | H158: Shanghai-Xingang-Qingdao-Keelung-Singapore-Tanjung Pelepas-Jakarta-Surabaya-Davao-Shanghai | I158: Direct | J158: 5 | K158: 82 | L158: 32 | M158: 2.7 | N158: 2336 | O158: 3717 | P158: 0.4 | Q158: 11680 | R158: 18587 | S158: INTERNATIONAL
A159: 158 | B159: 44699 | C159: =YEAR(B159) -> 2022 | D159: =MONTH(B159) -> 5 | E159: ONE | F159: CS 2 | G159: HKHKG–CNNSH–CNSHK–IDSUB–IDSRG– IDJKT–MYKLA (North)–MYKLA (West)– HKHKG | H159: HongKong–Nansha–Shekou–Surabaya–Semarang– Jakarta–Port Klang (North)–Port Klang (West)– HongKong | I159: Direct | J159: 2 | K159: 39 | L159: 24 | M159: 2 | N159: 432 | O159: 671 | P159: 0 | Q159: 863 | R159: 1342 | S159: INTERNATIONAL
A160: 159 | B160: 44700 | C160: =YEAR(B160) -> 2022 | D160: =MONTH(B160) -> 5 | E160: OOL | F160: ITS | G160: MYKLA-SGSIN-IDSRG-IDSUB-MYKLA- SGSIN-THBKK THSCS-THLCH | H160: Port Klang-Singapore-Semarang-Surabaya-Port Klang- Singapore-Bangkok Sahathai Terminal-Laem Chabang | I160: Feeder | J160: 2 | K160: 49 | L160: 26 | M160: 2 | N160: 734 | O160: 1144 | P160: 0.5 | Q160: 1468 | R160: 3431 | S160: INTERNATIONAL
A161: 160 | B161: 44701 | C161: =YEAR(B161) -> 2022 | D161: =MONTH(B161) -> 5 | E161: PIL | F161: SSE | G161: SGSIN-IDSUB-SGSIN | H161: Singapore-Surabaya-Singapore | I161: Feeder | J161: 3 | K161: 67 | L161: 32 | M161: 2.2 | N161: 1344 | O161: 1981 | P161: 1 | Q161: 4033 | R161: 5944 | S161: INTERNATIONAL
A162: 161 | B162: 44702 | C162: =YEAR(B162) -> 2022 | D162: =MONTH(B162) -> 5 | E162: PIL | F162: SUS | G162: - | H162: - | I162: - | J162: 0 | K162: 0 | L162: 0 | M162: 0 | N162: 0 | O162: 0 | P162: 0 | Q162: 0 | R162: 0 | S162: INTERNATIONAL
... A184: 183 | B184: 44720 | C184: =YEAR(B184) -> 2022 | D184: =MONTH(B184) -> 6 | E184: EMC | F184: TMI | G184: IDSUB-IDSRG-MYTPP-THLCH | H184: Surabaya-Semarang-Tanjung Pelepas-Laemchabang | I184: Feeder | J184: 3 | K184: 58 | L184: 29 | M184: 2.2 | N184: 766 | O184: 1119 | P184: 0.67 | Q184: 2298 | R184: 3356 | S184: INTERNATIONAL
A185: 184 | B185: 44721 | C185: =YEAR(B185) -> 2022 | D185: =MONTH(B185) -> 6 | E185: EMC | F185: TIS (Discontinue) | G185: - | H185: - | J185: 0 | K185: 0 | L185: 0 | M185: 0 | N185: 0 | O185: 0 | P185: 0 | Q185: 0 | R185: 0 | S185: INTERNATIONAL
A186: 185 | B186: 44722 | C186: =YEAR(B186) -> 2022 | D186: =MONTH(B186) -> 6 | E186: KMT | F186: CKI | G186: KRPUS-KRKWA-CNSGH-CNNBO-HKHKG-IDJKT-IDSUB-VNSGN VNCLI-CNNBO-CNSGH-KRPUS | H186: Pusan-Kwangyang-Shanghai-Ningbo-Hongkong-Jakarta-Surabaya-Hochiminh Cat Lai-Ningbo-Shanghai-Pusan | I186: Direct | J186: 1 | K186: 35 | L186: 19 | M186: 2 | N186: 754 | O186: 1061 | P186: 0 | Q186: 754 | R186: 1061 | S186: INTERNATIONAL
A187: 186 | B187: 44723 | C187: =YEAR(B187) -> 2022 | D187: =MONTH(B187) -> 6 | E187: KAL | F187: Ad Hoc KRL | G187: Various route | H187: Various route | I187: Ad Hoc | J187: 1 | K187: 40 | L187: 20 | M187: 2.2 | N187: 603 | O187: 690 | P187: 1 | Q187: 603 | R187: 690 | S187: INTERNATIONAL
A188: 187 | B188: 44724 | C188: =YEAR(B188) -> 2022 | D188: =MONTH(B188) -> 6 | E188: MEL | F188: SDS | G188: IDSUB-TLDIL-IDSUB-SGSIN (optional)-IDSUB | H188: Surabaya-Dili-Surabaya-Singapore (optional)-Surabaya | I188: Feeder | J188: 0 | K188: 0 | L188: 0 | M188: 0 | N188: 0 | O188: 0 | P188: 0 | Q188: 0 | R188: 0 | S188: INTERNATIONAL
A189: 188 | B189: 44725 | C189: =YEAR(B189) -> 2022 | D189: =MONTH(B189) -> 6 | E189: KSL | F189: KPG | G189: IDJKT-IDSUB-MYKLA West-INNSA-AEJEA-LKCMB-SADMM-PKKHI-INMUN | H189: Jakarta-Surabaya-Port Klang West-Nhava Sheva-Jebel Ali-Colomba-Dammam-Karachi-Mundra | I189: Direct | J189: 2 | K189: 21 | L189: 18 | M189: 1.5 | N189: 188 | O189: 296 | P189: 0.5 | Q189: 375 | R189: 592 | S189: INTERNATIONAL
A190: 189 | B190: 44726 | C190: =YEAR(B190) -> 2022 | D190: =MONTH(B190) -> 6 | E190: MSC | F190: NEW JAVA F | G190: SGSIN-MYTPP-IDJKT-IDSUB-SGSIN | H190: Singapore-Tanjung Pelepas-Jakarta-Surabaya-Singapore | I190: Feeder | J190: 3 | K190: 66 | L190: 32 | M190: 2.2 | N190: 1894 | O190: 2837 | P190: 0.33 | Q190: 5683 | R190: 8510 | S190: INTERNATIONAL
A191: 190 | B191: 44727 | C191: =YEAR(B191) -> 2022 | D191: =MONTH(B191) -> 6 | E191: MSC | F191: NEW JAVA T | G191: SGSIN-MYTPP-IDSRG-IDSUB | H191: Singapore-Tanjung Pelepas-Semarang-Surabaya | I191: Feeder | J191: 0 | K191: 0 | L191: 0 | M191: 0 | N191: 0 | O191: 0 | P191: 0 | Q191: 0 | R191: 0 | S191: INTERNATIONAL
A192: 191 | B192: 44728 | C192: =YEAR(B192) -> 2022 | D192: =MONTH(B192) -> 6 | E192: MSC | F192: DOLPHIN | G192: CNSGH-CNNBO-CNXAM-MYTPP-SGSIN-IDJKT-IDSUB-MYTPP-SGSIN-THLCH-VNVUT-CNSGH | H192: Shanghai-Ningbo-Xiamen-Tanjung Pelepas-Singapore-Jakarta-Surabaya-Tanjung Pelepas-Singapore-Laem Chabang-Vung Tau-Shanghai | I192: Direct | J192: 0 | K192: 0 | L192: 0 | M192: 0 | N192: 0 | O192: 0 | P192: 0 | Q192: 0 | R192: 0 | S192: INTERNATIONAL
A193: 192 | B193: 44729 | C193: =YEAR(B193) -> 2022 | D193: =MONTH(B193) -> 6 | E193: MSK | F193: IA-8 | G193: CNSGH-CNTXG-CNQIN-TWKEL-SGSIN-MYTPP-IDJKT-IDSUB-PHDVO-CNSGH | H193: Shanghai-Xingang-Qingdao-Keelung-Singapore-Tanjung Pelepas-Jakarta-Surabaya-Davao-Shanghai | I193: Direct | J193: 4 | K193: 64 | L193: 26 | M193: 2.6 | N193: 2290 | O193: 3413 | P193: 0.25 | Q193: 9161 | R193: 13653 | S193: INTERNATIONAL
A194: 193 | B194: 44730 | C194: =YEAR(B194) -> 2022 | D194: =MONTH(B194) -> 6 | E194: ONE | F194: CS 2 | G194: HKHKG–CNNSH–CNSHK–IDSUB–IDSRG– IDJKT–MYKLA (North)–MYKLA (West)– HKHKG | H194: HongKong–Nansha–Shekou–Surabaya–Semarang– Jakarta–Port Klang (North)–Port Klang (West)– HongKong | I194: Direct | J194: 2 | K194: 35 | L194: 20 | M194: 2 | N194: 450 | O194: 659 | P194: 1 | Q194: 900 | R194: 1317 | S194: INTERNATIONAL
A195: 194 | B195: 44731 | C195: =YEAR(B195) -> 2022 | D195: =MONTH(B195) -> 6 | E195: OOL | F195: ITS | G195: MYKLA-SGSIN-IDSRG-IDSUB-MYKLA- SGSIN-THBKK THSCS-THLCH | H195: Port Klang-Singapore-Semarang-Surabaya-Port Klang- Singapore-Bangkok Sahathai Terminal-Laem Chabang | I195: Feeder | J195: 1 | K195: 31 | L195: 19 | M195: 1.6 | N195: 784 | O195: 1151 | P195: 1 | Q195: 784 | R195: 2302 | S195: INTERNATIONAL
A196: 195 | B196: 44732 | C196: =YEAR(B196) -> 2022 | D196: =MONTH(B196) -> 6 | E196: PIL | F196: SSE | G196: SGSIN-IDSUB-SGSIN | H196: Singapore-Surabaya-Singapore | I196: Feeder | J196: 4 | K196: 70 | L196: 32 | M196: 2.3 | N196: 1326 | O196: 1927 | P196: 0.5 | Q196: 5302 | R196: 7708 | S196: INTERNATIONAL
A197: 196 | B197: 44733 | C197: =YEAR(B197) -> 2022 | D197: =MONTH(B197) -> 6 | E197: PIL | F197: SUS | G197: - | H197: - | I197: - | J197: 0 | K197: 0 | L197: 0 | M197: 0 | N197: 0 | O197: 0 | P197: 0 | Q197: 0 | R197: 0 | S197: INTERNATIONAL
... A219: 218 | B219: 44750 | C219: =YEAR(B219) -> 2022 | D219: =MONTH(B219) -> 7 | E219: EMC | F219: TMI | G219: IDSUB-IDSRG-MYTPP-THLCH | H219: Surabaya-Semarang-Tanjung Pelepas-Laemchabang | I219: Feeder | J219: 2 | K219: 60 | L219: 31 | M219: 2.1 | N219: 680 | O219: 1023 | P219: 0 | Q219: 1360 | R219: 2046 | S219: INTERNATIONAL
A220: 219 | B220: 44751 | C220: =YEAR(B220) -> 2022 | D220: =MONTH(B220) -> 7 | E220: EMC | F220: TIS (Discontinue) | G220: - | H220: - | J220: 1 | K220: 44 | L220: 26 | M220: 2 | N220: 811 | O220: 1265 | P220: 1 | Q220: 811 | R220: 1265 | S220: INTERNATIONAL
A221: 220 | B221: 44752 | C221: =YEAR(B221) -> 2022 | D221: =MONTH(B221) -> 7 | E221: KMT | F221: CKI | G221: KRPUS-KRKWA-CNSGH-CNNBO-HKHKG-IDJKT-IDSUB-VNSGN VNCLI-CNNBO-CNSGH-KRPUS | H221: Pusan-Kwangyang-Shanghai-Ningbo-Hongkong-Jakarta-Surabaya-Hochiminh Cat Lai-Ningbo-Shanghai-Pusan | I221: Direct | J221: 2 | K221: 60 | L221: 31 | M221: 2.2 | N221: 824 | O221: 1170 | P221: 0.5 | Q221: 1648 | R221: 2340 | S221: INTERNATIONAL
A222: 221 | B222: 44753 | C222: =YEAR(B222) -> 2022 | D222: =MONTH(B222) -> 7 | E222: KAL | F222: Ad Hoc KRL | G222: Various route | H222: Various route | I222: Ad Hoc | J222: 0 | K222: 0 | L222: 0 | M222: 0 | N222: 0 | O222: 0 | P222: 0 | Q222: 0 | R222: 0 | S222: INTERNATIONAL
A223: 222 | B223: 44754 | C223: =YEAR(B223) -> 2022 | D223: =MONTH(B223) -> 7 | E223: MEL | F223: SDS | G223: IDSUB-TLDIL-IDSUB-SGSIN (optional)-IDSUB | H223: Surabaya-Dili-Surabaya-Singapore (optional)-Surabaya | I223: Feeder | J223: 0 | K223: 0 | L223: 0 | M223: 0 | N223: 0 | O223: 0 | P223: 0 | Q223: 0 | R223: 0 | S223: INTERNATIONAL
A224: 223 | B224: 44755 | C224: =YEAR(B224) -> 2022 | D224: =MONTH(B224) -> 7 | E224: KSL | F224: KPG | G224: IDJKT-IDSUB-MYKLA West-INNSA-AEJEA-LKCMB-SADMM-PKKHI-INMUN | H224: Jakarta-Surabaya-Port Klang West-Nhava Sheva-Jebel Ali-Colomba-Dammam-Karachi-Mundra | I224: Direct | J224: 0 | K224: 0 | L224: 0 | M224: 0 | N224: 0 | O224: 0 | P224: 0 | Q224: 0 | R224: 0 | S224: INTERNATIONAL
A225: 224 | B225: 44756 | C225: =YEAR(B225) -> 2022 | D225: =MONTH(B225) -> 7 | E225: MSC | F225: NEW JAVA F | G225: SGSIN-MYTPP-IDJKT-IDSUB-SGSIN | H225: Singapore-Tanjung Pelepas-Jakarta-Surabaya-Singapore | I225: Feeder | J225: 3 | K225: 71 | L225: 32 | M225: 2.3 | N225: 2105 | O225: 3079 | P225: 0 | Q225: 6316 | R225: 9237 | S225: INTERNATIONAL
...

Sheet SL DOM
A1: TANGGAL | B1: YEAR | C1: MONTH | D1: LOP | E1: TEUS
A2: 44562 | B2: =YEAR(A2) -> 2022 | C2: =MONTH(A2) -> 1 | D2: TANTO INTIM LINE | E2: 3232
A3: 44563 | B3: =YEAR(A3) -> 2022 | C3: =MONTH(A3) -> 1 | D3: SALAM PACIFIC LINE | E3: 2438
A4: 44564 | B4: =YEAR(A4) -> 2022 | C4: =MONTH(A4) -> 1 | D4: MERATUS | E4: 0
A5: 44565 | B5: =YEAR(A5) -> 2022 | C5: =MONTH(A5) -> 1 | D5: TEMAS | E5: 0
A6: 44566 | B6: =YEAR(A6) -> 2022 | C6: =MONTH(A6) -> 1 | D6: ICON LINE | E6: 2543
A7: 44593 | B7: =YEAR(A7) -> 2022 | C7: =MONTH(A7) -> 2 | D7: TANTO INTIM LINE | E7: 4185
A8: 44594 | B8: =YEAR(A8) -> 2022 | C8: =MONTH(A8) -> 2 | D8: SALAM PACIFIC LINE | E8: 4171
A9: 44595 | B9: =YEAR(A9) -> 2022 | C9: =MONTH(A9) -> 2 | D9: MERATUS | E9: 0
A10: 44596 | B10: =YEAR(A10) -> 2022 | C10: =MONTH(A10) -> 2 | D10: TEMAS | E10: 0
A11: 44597 | B11: =YEAR(A11) -> 2022 | C11: =MONTH(A11) -> 2 | D11: ICON LINE | E11: 6077
A12: 44621 | B12: =YEAR(A12) -> 2022 | C12: =MONTH(A12) -> 3 | D12: TANTO INTIM LINE | E12: 3549
A13: 44622 | B13: =YEAR(A13) -> 2022 | C13: =MONTH(A13) -> 3 | D13: SALAM PACIFIC LINE | E13: 5684
... A131: 45327 | B131: =YEAR(A131) -> 2024 | C131: =MONTH(A131) -> 2 | D131: ICON LINE | E131: 0
A132: 03/2024 | B132: =YEAR(A132) -> 2024 | C132: =MONTH(A132) -> 3 | D132: TANTO | E132: 13983
A133: 03/2024 | B133: =YEAR(A133) -> 2024 | C133: =MONTH(A133) -> 3 | D133: SPI | E133: 11542
A134: 03/2024 | B134: =YEAR(A134) -> 2024 | C134: =MONTH(A134) -> 3 | D134: ICN | E134: 399
A135: 03/2024 | B135: =YEAR(A135) -> 2024 | C135: =MONTH(A135) -> 3 | D135: MERATUS | E135: 191
A136: 03/2024 | B136: =YEAR(A136) -> 2024 | C136: =MONTH(A136) -> 3 | D136: TEMPURAN EMAS | E136: 0

Sheet Sheet12
A1: YEAR | B1: MONTH | C1: VESSEL OPERATOR | D1: SERVICE | E1: ROUTES | F1: SERVICE MODE | G1: TOTAL CALL | H1: BMPH | I1: GMPH | J1: AVERAGE CD* | K1: BOXES* | L1: TEUs | M1: ON | N1: MOVES | O1: TEUS | P1: STATUS
A2: 2024 | B2: 3 | C2: ANL | D2: APR | E2: Port Klang-Singapore-Jakarta-Surabaya-Lae-Kimbe-Motukea Island- Townsville-Port Klang | F2: Direct | G2: 1 | H2: 9 | I2: 15 | J2: 0.7 | K2: 59 | L2: 94 | M2: 0 | N2: 59 | O2: 94 | P2: INTERNATIONAL | Q2: =VLOOKUP(D2,'TOP SERVICES'!$F$2:$G$1215,2,FALSE) -> MYKLA-SGSIN-IDJKT-IDSUB-PGLAE-PGKIM-PGMTK- AUTSV-MYKLA
A3: 2024 | B3: 3 | C3: ANL | D3: PAX | E3: Singapore-Surabaya-Dili-Darwin-Singapore | F3: Direct | G3: 3 | H3: 19 | I3: 26 | J3: 1.1 | K3: 103 | L3: 170 | M3: 1 | N3: 308 | O3: 509 | P3: INTERNATIONAL | Q3: =VLOOKUP(D3,'TOP SERVICES'!$F$2:$G$1215,2,FALSE) -> SGSIN-IDSUB-TLDIL-AUDRW-SGSIN
A4: 2024 | B4: 3 | C4: BEN | D4: ETS/SDD | E4: Singapore-Surabaya-Dili | F4: Direct | G4: 2 | H4: 11 | I4: 17 | J4: 1 | K4: 72 | L4: 123 | M4: 1 | N4: 144 | O4: 245 | P4: INTERNATIONAL | Q4: =VLOOKUP(D4,'TOP SERVICES'!$F$2:$G$1215,2,FALSE) -> SGSIN-IDSUB-TLDIL
A5: 2024 | B5: 3 | C5: CMA | D5: CHINA 1 | E5: Shanghai-Ningbo-Shantou-Shekou-Jakarta-Surabaya-Manila South-Manila North-Shanghai | F5: Direct | G5: 1 | H5: 48 | I5: 24 | J5: 2 | K5: 1139 | L5: 1810 | M5: 0 | N5: 1139 | O5: 1810 | P5: INTERNATIONAL | Q5: =VLOOKUP(D5,'TOP SERVICES'!$F$2:$G$1215,2,FALSE) -> CNSGH-CNNBO-CNSTG-CNSHK-IDJKT-IDSUB-PHMNL South-PHMNL North-CNSGH
A6: 2024 | B6: 3 | C6: CMA | D6: CS 2 | E6: HongKong–Nansha–Shekou–Surabaya–Semarang– Jakarta–Port Klang (North)–Port Klang (West)– HongKong | F6: Direct | G6: 1 | H6: 48 | I6: 31 | J6: 1.7 | K6: 677 | L6: 1020 | M6: 1 | N6: 677 | O6: 1020 | P6: INTERNATIONAL | Q6: =VLOOKUP(D6,'TOP SERVICES'!$F$2:$G$1215,2,FALSE) -> HKHKG–CNNSH–CNSHK–IDSUB–IDSRG– IDJKT–MYKLA (North)–MYKLA (West)– HKHKG
A7: 2024 | B7: 3 | C7: CMA | D7: KCS | E7: North South: Lianyungang-Qingdao-Nansha-Port Kelang-Singapore-Jakarta-Surabaya-Davao-Shanghai-Dalian. East-West: Yantian-Nansha-Chiwan-Hongkong-Manila South-Manila North | F7: Direct | G7: 4 | H7: 71 | I7: 32 | J7: 2.4 | K7: 1662 | L7: 2797 | M7: 0 | N7: 6648 | O7: 11188 | P7: INTERNATIONAL | Q7: =VLOOKUP(D7,'TOP SERVICES'!$F$2:$G$1215,2,FALSE) -> North South: CNLYG-CNQIN-CNNSH-MYTPP-SGSIN-IDJKT-IDSUB-PHDVO-CNSGH-CNDAL. East-West: CNYTN-CNNSH-CNCWN-HKHKG-PHMNL South-PHMNL North
A8: 2024 | B8: 3 | C8: CMA | D8: JSS | E8: Singapore-Semarang-Surabaya-Singapore | F8: Feeder | G8: 2 | H8: 72 | I8: 34 | J8: 2.1 | K8: 2296 | L8: 3397 | M8: 0.5 | N8: 4591 | O8: 6794 | P8: INTERNATIONAL | Q8: =VLOOKUP(D8,'TOP SERVICES'!$F$2:$G$1215,2,FALSE) -> SGSIN-IDSRG-IDSUB-SGSIN
A9: 2024 | B9: 3 | C9: CMA | D9: Ad Hoc CMA | E9: Singapore-Semarang-Surabaya-Singapore | F9: Ad Hoc | G9: 0 | H9: 0 | I9: 0 | J9: 0 | K9: 0 | L9: 0 | M9: 0 | N9: 0 | O9: 0 | P9: INTERNATIONAL | Q9: =VLOOKUP(D9,'TOP SERVICES'!$F$2:$G$1215,2,FALSE) -> SGSIN-IDSRG-IDSUB-SGSIN
A10: 2024 | B10: 3 | C10: COS | D10: GMI | E10: Jakarta-Surabaya-Singapore-Pasir Gudang-Singapore-Port Kelang West | F10: Feeder | G10: 0 | H10: 0 | I10: 0 | J10: 0 | K10: 0 | L10: 0 | M10: 0 | N10: 0 | O10: 0 | P10: INTERNATIONAL | Q10: =VLOOKUP(D10,'TOP SERVICES'!$F$2:$G$1215,2,FALSE) -> IDJKT-IDSUB-SGSIN-MYPGU-SGSIN-MYKLA
A11: 2024 | B11: 3 | C11: COS | D11: SSS-SAT | E11: Singapore-Surabaya-Singapore | F11: Feeder | G11: 0 | H11: 0 | I11: 0 | J11: 0 | K11: 0 | L11: 0 | M11: 0 | N11: 0 | O11: 0 | P11: INTERNATIONAL | Q11: =VLOOKUP(D11,'TOP SERVICES'!$F$2:$G$1215,2,FALSE) -> SGSIN-IDSUB-SGSIN
A12: 2024 | B12: 3 | C12: COS | D12: SSS-WED | E12: Singapore-Surabaya-Singapore | F12: Feeder | G12: 0 | H12: 0 | I12: 0 | J12: 0 | K12: 0 | L12: 0 | M12: 0 | N12: 0 | O12: 0 | P12: INTERNATIONAL | Q12: =VLOOKUP(D12,'TOP SERVICES'!$F$2:$G$1215,2,FALSE) -> SGSIN-IDSUB-SGSIN
A13: 2024 | B13: 3 | C13: COS | D13: KCS | E13: North South: Lianyungang-Qingdao-Nansha-Port Kelang-Singapore-Jakarta-Surabaya-Davao-Shanghai-Dalian. East-West: Yantian-Nansha-Chiwan-Hongkong-Manila South-Manila North | F13: Direct | G13: 0 | H13: #DIV/0! | I13: #DIV/0! | J13: #DIV/0! | K13: #DIV/0! | L13: #DIV/0! | M13: #DIV/0! | N13: 0 | O13: 0 | P13: INTERNATIONAL | Q13: =VLOOKUP(D13,'TOP SERVICES'!$F$2:$G$1215,2,FALSE) -> North South: CNLYG-CNQIN-CNNSH-MYTPP-SGSIN-IDJKT-IDSUB-PHDVO-CNSGH-CNDAL. East-West: CNYTN-CNNSH-CNCWN-HKHKG-PHMNL South-PHMNL North
A14: 2024 | B14: 3 | C14: COS | D14: JSS | E14: Singapore-Semarang-Surabaya-Singapore | F14: Feeder | G14: 2 | H14: 91 | I14: 35 | J14: 2.8 | K14: 2656 | L14: 3787 | M14: 1 | N14: 5311 | O14: 7573 | P14: INTERNATIONAL | Q14: =VLOOKUP(D14,'TOP SERVICES'!$F$2:$G$1215,2,FALSE) -> SGSIN-IDSRG-IDSUB-SGSIN
A15: 2024 | B15: 3 | C15: COS | D15: CHINA 1 | G15: 1 | H15: 62 | I15: 35 | J15: 2 | K15: 1300 | L15: 2032 | M15: 0 | N15: 1300 | O15: 2032 | P15: INTERNATIONAL | Q15: =VLOOKUP(D15,'TOP SERVICES'!$F$2:$G$1215,2,FALSE) -> CNSGH-CNNBO-CNSTG-CNSHK-IDJKT-IDSUB-PHMNL South-PHMNL North-CNSGH
A16: 2024 | B16: 3 | C16: EMC | D16: CIT | E16: Ningbo-Shanghai-Hong Kong (Zhujiang)-Shekou-Surabaya-Semarang-Jakarta-Singapore-Laemchabang-Hong Kong-Ningbo | F16: Direct | G16: 3 | H16: 56 | I16: 34 | J16: 1.9 | K16: 607 | L16: 972 | M16: 0.67 | N16: 1820 | O16: 2917 | P16: INTERNATIONAL | Q16: =VLOOKUP(D16,'TOP SERVICES'!$F$2:$G$1215,2,FALSE) -> CNNBO-CNSGH-HKHKG (Zhujiang)-CNSHK-IDSUB-IDSRG-IDJKT-SGSIN-THLCH-HKHKG-CNNBO
A17: 2024 | B17: 3 | C17: EMC | D17: JPI-A | E17: Yokohama-Tokyo-Shimizu-Nagoya-Kobe-Taipei-Kaohsiung-Manila South-Surabaya-Jakarta-Tanjung Pelepas-Bintulu-Kaohsiung | F17: Direct | G17: 4 | H17: 64 | I17: 29 | J17: 2.5 | K17: 986 | L17: 1507 | M17: 0.5 | N17: 3942 | O17: 6026 | P17: INTERNATIONAL | Q17: =VLOOKUP(D17,'TOP SERVICES'!$F$2:$G$1215,2,FALSE) -> JPYOK-JPTYO-JPSMZ-JPNGO-JPUKB-TWTPE-TWKHH-PHMNL South-IDSUB-IDJKT-MYTPP-MYBTU-TWKHH
A18: 2024 | B18: 3 | C18: EMC | D18: JPI-B | E18: Shekou-Hong Kong-Jakarta-Semarang-Surabaya-Manila South-Kaohsiung-Taipei-Yokohama | F18: Direct | G18: 5 | H18: 42 | I18: 22 | J18: 2.1 | K18: 637 | L18: 1034 | M18: 0.4 | N18: 3183 | O18: 5170 | P18: INTERNATIONAL | Q18: =VLOOKUP(D18,'TOP SERVICES'!$F$2:$G$1215,2,FALSE) -> CNSHK-HKHKG-IDJKT-IDSRG-IDSUB-PHMNL South-TWKHH-TWTPE-JPYOK
A19: 2024 | B19: 3 | C19: EMC | D19: TMI | E19: Surabaya-Semarang-Tanjung Pelepas-Laemchabang | F19: Feeder | G19: 0 | H19: 0 | I19: 0 | J19: 0 | K19: 0 | L19: 0 | M19: 0 | N19: 0 | O19: 0 | P19: INTERNATIONAL | Q19: =VLOOKUP(D19,'TOP SERVICES'!$F$2:$G$1215,2,FALSE) -> IDSUB-IDSRG-MYTPP-THLCH
A20: 2024 | B20: 3 | C20: EMC | D20: VMI | E20: Haipong-Ho Chi Minh City-Port Klang West Port-Tanjung Pelepas-Jakarta-Semarang-Surabaya | F20: Direct | G20: 4 | H20: 49 | I20: 28 | J20: 2 | K20: 2583 | L20: 3546 | M20: 0 | N20: 2583 | O20: 3546 | P20: INTERNATIONAL | Q20: =VLOOKUP(D20,'TOP SERVICES'!$F$2:$G$1215,2,FALSE) -> VNHPH-VNSGN-MYKLA West Port-MYTPP-IDJKT-IDSRG-IDSUB
A21: 2024 | B21: 3 | C21: GSL | D21: ITS | E21: Port Klang-Singapore-Semarang-Surabaya-Port Klang- Singapore-Bangkok Sahathai Terminal-Laem Chabang | F21: Feeder | G21: 1 | H21: 39 | I21: 21 | J21: 1.9 | K21: 893 | L21: 1225 | M21: 0 | N21: 893 | O21: 1225 | P21: INTERNATIONAL | Q21: =VLOOKUP(D21,'TOP SERVICES'!$F$2:$G$1215,2,FALSE) -> MYKLA-SGSIN-IDSRG-IDSUB-MYKLA- SGSIN-THBKK THSCS-THLCH
A22: 2024 | B22: 3 | C22: HPL | D22: AD HOC HPA | E22: Various route | F22: Ad Hoc | G22: 0 | H22: #DIV/0! | I22: #DIV/0! | J22: #DIV/0! | K22: #DIV/0! | L22: #DIV/0! | M22: #DIV/0! | N22: 0 | O22: 0 | P22: INTERNATIONAL | Q22: =VLOOKUP(D22,'TOP SERVICES'!$F$2:$G$1215,2,FALSE) -> Various route
A23: 2024 | B23: 3 | C23: KAL | D23: Ad Hoc KRL | E23: Various route | F23: Ad Hoc | G23: 0 | H23: 0 | I23: 0 | J23: 0 | K23: 0 | L23: 0 | M23: 0 | N23: 0 | O23: 0 | P23: INTERNATIONAL | Q23: =VLOOKUP(D23,'TOP SERVICES'!$F$2:$G$1215,2,FALSE) -> Various route
A24: 2024 | B24: 3 | C24: KMT | D24: CKI | E24: Pusan-Kwangyang-Shanghai-Ningbo-Hongkong-Jakarta-Surabaya-Hochiminh Cat Lai-Ningbo-Shanghai-Pusan | F24: Direct | G24: 4 | H24: 37 | I24: 26 | J24: 1.6 | K24: 399 | L24: 571 | M24: 0 | N24: 1597 | O24: 2284 | P24: INTERNATIONAL | Q24: =VLOOKUP(D24,'TOP SERVICES'!$F$2:$G$1215,2,FALSE) -> KRPUS-KRKWA-CNSGH-CNNBO-HKHKG-IDJKT-IDSUB-VNSGN VNCLI-CNNBO-CNSGH-KRPUS
A25: 2024 | B25: 3 | C25: KSL | D25: KPG | E25: Jakarta-Surabaya-Port Klang West-Nhava Sheva-Jebel Ali-Colomba-Dammam-Karachi-Mundra | F25: Direct | G25: 0 | H25: 0 | I25: 0 | J25: 0 | K25: 0 | L25: 0 | M25: 0 | N25: 0 | O25: 0 | P25: INTERNATIONAL | Q25: =VLOOKUP(D25,'TOP SERVICES'!$F$2:$G$1215,2,FALSE) -> IDJKT-IDSUB-MYKLA West-INNSA-AEJEA-LKCMB-SADMM-PKKHI-INMUN
A26: 2024 | B26: 3 | C26: LMA | D26: ETS/SDD | E26: Singapore-Surabaya-Dili | F26: Direct | G26: 1 | H26: 17 | I26: 26 | J26: 0.9 | K26: 72 | L26: 133 | M26: 1 | N26: 72 | O26: 133 | P26: INTERNATIONAL | Q26: =VLOOKUP(D26,'TOP SERVICES'!$F$2:$G$1215,2,FALSE) -> SGSIN-IDSUB-TLDIL
A27: 2024 | B27: 3 | C27: MEL | D27: Ad Hoc MKP | E27: Various route | F27: Ad Hoc | G27: 0 | H27: 0 | I27: 0 | J27: 0 | K27: 0 | L27: 0 | M27: 0 | N27: 0 | O27: 0 | P27: INTERNATIONAL | Q27: =VLOOKUP(D27,'TOP SERVICES'!$F$2:$G$1215,2,FALSE) -> Various route
A28: 2024 | B28: 3 | C28: MPN | D28: MPN AD HOC | E28: Various route | F28: Ad Hoc | G28: 0 | H28: 0 | I28: 0 | J28: 0 | K28: 0 | L28: 0 | M28: 0 | N28: 0 | O28: 0 | P28: INTERNATIONAL | Q28: =VLOOKUP(D28,'TOP SERVICES'!$F$2:$G$1215,2,FALSE) -> 0
A29: 2024 | B29: 3 | C29: MSC | D29: NEW JAVA F | E29: Singapore-Tanjung Pelepas-Jakarta-Surabaya-Singapore | F29: Feeder | G29: 0 | H29: 0 | I29: 0 | J29: 0 | K29: 0 | L29: 0 | M29: 0 | N29: 0 | O29: 0 | P29: INTERNATIONAL | Q29: =VLOOKUP(D29,'TOP SERVICES'!$F$2:$G$1215,2,FALSE) -> SGSIN-MYTPP-IDJKT-IDSUB-SGSIN
A30: 2024 | B30: 3 | C30: MSC | D30: NEW JAVA T | E30: Singapore-Tanjung Pelepas-Semarang-Surabaya | F30: Feeder | G30: 0 | H30: 0 | I30: 0 | J30: 0 | K30: 0 | L30: 0 | M30: 0 | N30: 0 | O30: 0 | P30: INTERNATIONAL | Q30: =VLOOKUP(D30,'TOP SERVICES'!$F$2:$G$1215,2,FALSE) -> SGSIN-MYTPP-IDSRG-IDSUB
A31: 2024 | B31: 3 | C31: MSC | D31: DOLPHIN | E31: Shanghai-Ningbo-Xiamen-Tanjung Pelepas-Singapore-Jakarta-Surabaya-Tanjung Pelepas-Singapore-Laem Chabang-Vung Tau-Shanghai | F31: Direct | G31: 5 | H31: 45 | I31: 21 | J31: 2.2 | K31: 1009 | L31: 1519 | M31: 1 | N31: 5044 | O31: 7593 | P31: INTERNATIONAL | Q31: =VLOOKUP(D31,'TOP SERVICES'!$F$2:$G$1215,2,FALSE) -> CNSGH-CNNBO-CNXAM-MYTPP-SGSIN-IDJKT-IDSUB-MYTPP-SGSIN-THLCH-VNVUT-CNSGH
A32: 2024 | B32: 3 | C32: MSC | D32: Seahorse | E32: Shanghai-Ningbo-Laem Chabang-Port Klang-Singapore-Surabaya-Jakarta-Tanjung Pelepas-Qinzhou-Hongkong-Shanghai | F32: Direct | G32: 6 | H32: 48 | I32: 28 | J32: 2 | K32: 788 | L32: 1155 | M32: 0.33 | N32: 4730 | O32: 6929 | P32: INTERNATIONAL | Q32: =VLOOKUP(D32,'TOP SERVICES'!$F$2:$G$1215,2,FALSE) -> CNSGH-CNNBO-THLCH-MYKLA-SGSIN-IDSUB-IDJKT-MYTPP-CNQZH-HKHKG-CNSGH
A33: 2024 | B33: 3 | C33: MSK | D33: IA-8 | E33: Shanghai-Xingang-Qingdao-Keelung-Singapore-Tanjung Pelepas-Jakarta-Surabaya-Davao-Shanghai | F33: Direct | G33: 5 | H33: 60 | I33: 28 | J33: 2.2 | K33: 1697 | L33: 2772 | M33: 0.6 | N33: 8485 | O33: 13858 | P33: INTERNATIONAL | Q33: =VLOOKUP(D33,'TOP SERVICES'!$F$2:$G$1215,2,FALSE) -> CNSGH-CNTXG-CNQIN-TWKEL-SGSIN-MYTPP-IDJKT-IDSUB-PHDVO-CNSGH
A34: 2024 | B34: 3 | C34: NSS | D34: KCI | E34: Jakarta-Surabaya-Shekou-Xiamen-Pusan-Qingdao-Shanghai-Ningbo-Jakarta | F34: Direct | G34: 1 | H34: 0 | I34: 23 | J34: 2 | K34: 774 | L34: 1207 | M34: 0 | N34: 774 | O34: 1207 | P34: INTERNATIONAL | Q34: =VLOOKUP(D34,'TOP SERVICES'!$F$2:$G$1215,2,FALSE) -> IDJKT-IDSUB-CNSHK-CNXAM-KRPUS-CNQIN-CNSGH-CNNBO-IDJKT
... A36: 2024 | B36: 3 | C36: ONE | D36: KCI | E36: Jakarta-Surabaya-Shekou-Xiamen-Pusan-Qingdao-Shanghai-Ningbo-Jakarta | F36: Direct | G36: 1 | H36: 0 | I36: 0 | J36: 0 | K36: 990 | L36: 1412 | M36: 0 | N36: 990 | O36: 1412 | P36: INTERNATIONAL | Q36: =VLOOKUP(D36,'TOP SERVICES'!$F$2:$G$1215,2,FALSE) -> IDJKT-IDSUB-CNSHK-CNXAM-KRPUS-CNQIN-CNSGH-CNNBO-IDJKT
A37: 2024 | B37: 3 | C37: OOL | D37: ITS | E37: Port Klang-Singapore-Semarang-Surabaya-Port Klang- Singapore-Bangkok Sahathai Terminal-Laem Chabang | F37: Feeder | G37: 2 | H37: 44 | I37: 18 | J37: 2.5 | K37: 946 | L37: #DIV/0! | M37: 0 | N37: 1892 | O37: 2604 | P37: INTERNATIONAL | Q37: =VLOOKUP(D37,'TOP SERVICES'!$F$2:$G$1215,2,FALSE) -> MYKLA-SGSIN-IDSRG-IDSUB-MYKLA- SGSIN-THBKK THSCS-THLCH
A38: 2024 | B38: 3 | C38: OOL | D38: CHINA1 | E38: Shanghai-Ningbo-Shantou-Shekou-Jakarta-Surabaya-Manila South-Manila North-Shanghai | F38: Direct | G38: 1 | H38: 69 | I38: 30 | J38: 2 | K38: 1154 | L38: 1667 | M38: 0 | N38: 1154 | O38: 1667 | P38: INTERNATIONAL | Q38: =VLOOKUP(D38,'TOP SERVICES'!$F$2:$G$1215,2,FALSE) -> CNSGH-CNNBO-CNSTG-CNSHK-IDJKT-IDSUB-PHMNL South-PHMNL North-CNSGH
A39: 2024 | B39: 3 | C39: PIL | D39: SSE | E39: Singapore-Surabaya-Singapore | F39: Feeder | G39: 0 | H39: 0 | I39: 0 | J39: 0 | K39: 0 | L39: 0 | M39: 0 | N39: 0 | O39: 0 | P39: INTERNATIONAL | Q39: =VLOOKUP(D39,'TOP SERVICES'!$F$2:$G$1215,2,FALSE) -> SGSIN-IDSUB-SGSIN
A40: 2024 | B40: 3 | C40: PIL | D40: SUS | E40: - | F40: - | G40: 0 | H40: 0 | I40: 0 | J40: 0 | K40: 0 | L40: 0 | M40: 0 | N40: 0 | O40: 0 | P40: INTERNATIONAL | Q40: =VLOOKUP(D40,'TOP SERVICES'!$F$2:$G$1215,2,FALSE) -> -
A41: 2024 | B41: 3 | C41: RCL | D41: RMI3 | E41: Singapore-Surabaya-Singapore-Port Klang-Penang-Port Klang-Singapore | F41: Feeder | G41: 0 | H41: 0 | I41: 0 | J41: 0 | K41: 0 | L41: 0 | M41: 0 | N41: 0 | O41: 0 | P41: INTERNATIONAL | Q41: =VLOOKUP(D41,'TOP SERVICES'!$F$2:$G$1215,2,FALSE) -> SGSIN-IDSUB-SGSIN-MYKLA-MYNTL-MYKLA-SGSIN
A42: 2024 | B42: 3 | C42: RCL | D42: CS 2 | E42: HongKong–Nansha–Shekou–Surabaya–Semarang– Jakarta–Port Klang (North)–Port Klang (West)– HongKong | F42: Direct | G42: 1 | H42: 31 | I42: 20 | J42: 1 | K42: 815 | L42: 1195 | M42: 0 | N42: 815 | O42: 1195 | P42: INTERNATIONAL | Q42: =VLOOKUP(D42,'TOP SERVICES'!$F$2:$G$1215,2,FALSE) -> HKHKG–CNNSH–CNSHK–IDSUB–IDSRG– IDJKT–MYKLA (North)–MYKLA (West)– HKHKG
A43: 2024 | B43: 3 | C43: SIT | D43: CMI | E43: Jakarta-Semarang-Surabaya-Makassar-Batangas-Shanghai-Xiamen-Shekou-Nansha-Bintulu-Jakarta | F43: Direct | G43: 5 | H43: 31 | I43: 24 | J43: 1.6 | K43: 314 | L43: 479 | M43: 0.4 | N43: 1569 | O43: 2397 | P43: INTERNATIONAL | Q43: =VLOOKUP(D43,'TOP SERVICES'!$F$2:$G$1215,2,FALSE) -> IDJKT-IDSRG-IDSUB-IDMAK-PHBTG-CNSGH-CNXAM-CNSHK-CNNSH-MYBTU-IDJKT
A44: 2024 | B44: 3 | C44: SIT | D44: CMI2 | E44: Shekou-Nansha-Hochiminh-Jakarta-Semarang- Surabaya-Bintulu-Qinzhao-Shekou | F44: Direct | G44: 0 | H44: 0 | I44: 0 | J44: 0 | K44: 0 | L44: 0 | M44: 0 | N44: 0 | O44: 0 | P44: INTERNATIONAL | Q44: =VLOOKUP(D44,'TOP SERVICES'!$F$2:$G$1215,2,FALSE) -> CNSHK-CNNSH-VNSGN-IDJKT-IDSRG- IDSUB-MYBTU-CNQGS-CNSHK
A45: 2024 | B45: 3 | C45: SIT | D45: KCI | E45: Jakarta-Surabaya-Shekou-Xiamen-Pusan-Qingdao-Shanghai-Ningbo-Jakarta | F45: Direct | G45: 1 | H45: 40 | I45: 22 | J45: 1.6 | K45: 866 | L45: 1258 | M45: 0 | N45: 866 | O45: 1258 | P45: INTERNATIONAL | Q45: =VLOOKUP(D45,'TOP SERVICES'!$F$2:$G$1215,2,FALSE) -> IDJKT-IDSUB-CNSHK-CNXAM-KRPUS-CNQIN-CNSGH-CNNBO-IDJKT
A46: 2024 | B46: 3 | C46: SSL | D46: SSS-SAT | E46: Singapore-Surabaya-Singapore | F46: Feeder | G46: 4 | H46: 86 | I46: 36 | J46: 2.3 | K46: 1900 | L46: 2854 | M46: 0 | N46: 7601 | O46: 11414 | P46: INTERNATIONAL | Q46: =VLOOKUP(D46,'TOP SERVICES'!$F$2:$G$1215,2,FALSE) -> SGSIN-IDSUB-SGSIN
A47: 2024 | B47: 3 | C47: SSL | D47: SSS-WED | E47: Singapore-Surabaya-Singapore | F47: Feeder | G47: 4 | H47: 68 | I47: 30 | J47: 2 | K47: 1519 | L47: 2263 | M47: 0 | N47: 6074 | O47: 9051 | P47: INTERNATIONAL | Q47: =VLOOKUP(D47,'TOP SERVICES'!$F$2:$G$1215,2,FALSE) -> SGSIN-IDSUB-SGSIN
A48: 2024 | B48: 3 | C48: SSL | D48: SSE | E48: Singapore-Surabaya-Singapore | F48: Feeder | G48: 0 | H48: 0 | I48: 0 | J48: 0 | K48: 0 | L48: 0 | M48: 0 | N48: 0 | O48: 0 | P48: INTERNATIONAL | Q48: =VLOOKUP(D48,'TOP SERVICES'!$F$2:$G$1215,2,FALSE) -> SGSIN-IDSUB-SGSIN
A49: 2024 | B49: 3 | C49: SSL | D49: AD HOC SSL | E49: Various route | F49: Ad Hoc | G49: 0 | H49: #DIV/0! | I49: #DIV/0! | J49: #DIV/0! | K49: #DIV/0! | L49: #DIV/0! | M49: #DIV/0! | N49: 0 | O49: 0 | P49: INTERNATIONAL | Q49: =VLOOKUP(D49,'TOP SERVICES'!$F$2:$G$1215,2,FALSE) -> Various route
A50: 2024 | B50: 3 | C50: TSL | D50: KCI | E50: Jakarta-Surabaya-Shekou-Xiamen-Pusan-Qingdao-Shanghai-Ningbo-Jakarta | F50: Direct | G50: 1 | H50: 34 | I50: 18 | J50: 2 | K50: 876 | L50: 1333 | M50: 0 | N50: 876 | O50: 1333 | P50: INTERNATIONAL | Q50: =VLOOKUP(D50,'TOP SERVICES'!$F$2:$G$1215,2,FALSE) -> IDJKT-IDSUB-CNSHK-CNXAM-KRPUS-CNQIN-CNSGH-CNNBO-IDJKT
A51: 2024 | B51: 3 | C51: WHL | D51: CS 2 | E51: HongKong–Nansha–Shekou–Surabaya–Semarang– Jakarta–Port Klang (North)–Port Klang (West)– HongKong | F51: Direct | G51: 0 | H51: 0 | I51: 0 | J51: 0 | K51: 0 | L51: 0 | M51: 0 | N51: 0 | O51: 0 | P51: INTERNATIONAL | Q51: =VLOOKUP(D51,'TOP SERVICES'!$F$2:$G$1215,2,FALSE) -> HKHKG–CNNSH–CNSHK–IDSUB–IDSRG– IDJKT–MYKLA (North)–MYKLA (West)– HKHKG
A52: 2024 | B52: 3 | C52: WHL | D52: TPI | E52: Jakarta-Semarang-Surabaya-Kaohsiung-Taichung-Kaohsiung-Taipei | F52: Direct | G52: 5 | H52: 39 | I52: 19 | J52: 2.1 | K52: 1047 | L52: 1638 | M52: 0.6 | N52: 5235 | O52: 8192 | P52: INTERNATIONAL | Q52: =VLOOKUP(D52,'TOP SERVICES'!$F$2:$G$1215,2,FALSE) -> IDJKT-IDSRG-IDSUB-TWKHH-TWTXG-TWKHH-TWTPE
A53: 2024 | B53: 3 | C53: WHL | D53: Ad Hoc WHL | E53: Various route | F53: Ad Hoc | G53: 0 | H53: 0 | I53: 0 | J53: 0 | K53: 0 | L53: 0 | M53: 0 | N53: 0 | O53: 0 | P53: INTERNATIONAL | Q53: =VLOOKUP(D53,'TOP SERVICES'!$F$2:$G$1215,2,FALSE) -> Various route
A54: 2024 | B54: 3 | C54: WHL | D54: C18 | E54: Surabaya-Singapore-Port Klang- Mundra-Nhava Sheva | F54: Direct | G54: 0 | H54: 0 | I54: 0 | J54: 0 | K54: 0 | L54: 0 | M54: 0 | N54: 0 | O54: 0 | P54: INTERNATIONAL | Q54: =VLOOKUP(D54,'TOP SERVICES'!$F$2:$G$1215,2,FALSE) -> IDSUB-SGSIN-MYKLA- INMUN-INNSA
A55: 2024 | B55: 3 | C55: XCL | D55: SSX | E55: Singapore-Surabaya-Singapore | F55: Feeder | G55: 0 | H55: 0 | I55: 0 | J55: 0 | K55: 0 | L55: 0 | M55: 0 | N55: 0 | O55: 0 | P55: INTERNATIONAL | Q55: =VLOOKUP(D55,'TOP SERVICES'!$F$2:$G$1215,2,FALSE) -> SGSIN-IDSUB-SGSIN
A56: 2024 | B56: 3 | C56: YML | D56: ITS | E56: Port Klang-Singapore-Semarang-Surabaya-Port Klang- Singapore-Bangkok Sahathai Terminal-Laem Chabang | F56: Feeder | G56: 0 | H56: #DIV/0! | I56: #DIV/0! | J56: #DIV/0! | K56: #DIV/0! | L56: #DIV/0! | M56: #DIV/0! | N56: 0 | O56: 0 | P56: INTERNATIONAL | Q56: =VLOOKUP(D56,'TOP SERVICES'!$F$2:$G$1215,2,FALSE) -> MYKLA-SGSIN-IDSRG-IDSUB-MYKLA- SGSIN-THBKK THSCS-THLCH
A57: 2024 | B57: 3 | C57: CMA | D57: AD HOC CMA | E57: Malta | F57: Feeder | G57: - | H57: - | I57: - | J57: - | K57: - | L57: - | M57: 0 | N57: - | O57: - | P57: DOMESTIK | Q57: =VLOOKUP(D57,'TOP SERVICES'!$F$2:$G$1215,2,FALSE) -> SGSIN-IDSRG-IDSUB-SGSIN
A58: 2024 | B58: 3 | C58: SPI | D58: SPIL AD HO | E58: Surabaya - Jakarta - Makassar - Palu | F58: Direct | G58: 6 | H58: 20 | I58: 20 | J58: 1.16 | K58: 373 | L58: 407 | M58: 1 | N58: 2237 | O58: 2439 | P58: DOMESTIK | Q58: =VLOOKUP(D58,'TOP SERVICES'!$F$2:$G$1215,2,FALSE) -> IDSUB - IDJKT - IDMAK - IDPAL
A59: 2024 | B59: 3 | C59: TIL | D59: TIL AD HOC | E59: Various POO | F59: Direct | G59: 14 | H59: 18 | I59: 28 | J59: 0.79 | K59: 355 | L59: 400 | M59: 0.98 | N59: 4976 | O59: 5601 | P59: DOMESTIK | Q59: =VLOOKUP(D59,'TOP SERVICES'!$F$2:$G$1215,2,FALSE) -> Various POO
A60: 2024 | B60: 3 | C60: TEMAS | D60: TEMAS AD H | E60: Surabaya - Makassar | F60: Feeder | G60: - | H60: - | I60: - | J60: - | K60: - | L60: - | M60: 0 | N60: - | O60: - | P60: DOMESTIK | Q60: =VLOOKUP(D60,'TOP SERVICES'!$F$2:$G$1215,2,FALSE) -> IDSUB - IDMAK
A61: 2024 | B61: 3 | C61: ICON | D61: ICON | F61: Direct | G61: 2 | H61: 15 | I61: 23 | J61: 0.87 | K61: 169 | L61: 200 | M61: 1 | N61: 338 | O61: 399 | P61: DOMESTIK | Q61: =VLOOKUP(D61,'TOP SERVICES'!$F$2:$G$1215,2,FALSE) -> 0
A62: 2024 | B62: 3 | C62: MERATUS | D62: MPN-BOA | E62: Surabaya - Benoa | F62: Direct | G62: 1 | H62: 12 | I62: 23 | J62: 1 | K62: 35 | L62: 54 | M62: 1 | N62: 35 | O62: 54 | P62: DOMESTIK | Q62: =VLOOKUP(D62,'TOP SERVICES'!$F$2:$G$1215,2,FALSE) -> IDSUB - IDBNA
A63: 2024 | B63: 3 | C63: PNJ | D63: PPNP-SUBMK | E63: Surabaya - Makassar | G63: 2 | H63: 11 | I63: 24 | J63: 1 | K63: 71 | L63: 77 | M63: 0 | N63: 141 | O63: 154 | P63: DOMESTIK | Q63: =VLOOKUP(D63,'TOP SERVICES'!$F$2:$G$1215,2,FALSE) -> IDSUB - IDMAK

Sheet BAR INT
A1: DATE | B1: YEAR | C1: MONTH | D1: LOP | E1: TEUS | F1: BOX | G1: DPP | H1: BCH | I1: BSH
A2: 44927 | B2: =YEAR(A2) -> 2023 | C2: =MONTH(A2) -> 1 | D2: EMC | E2: 14609 | F2: 9643 | G2: 16341982320 | H2: 28.8 | I2: 48.32
A3: 44928 | B3: =YEAR(A3) -> 2023 | C3: =MONTH(A3) -> 1 | D3: SSL | E3: 14466 | F3: 9926 | G3: 16655410181 | H3: 36.4 | I3: 83.92
A4: 44929 | B4: =YEAR(A4) -> 2023 | C4: =MONTH(A4) -> 1 | D4: CNC | E4: 11401 | F4: 7403 | G4: 12972661683 | H4: 31.5 | I4: 54.21
A5: 44930 | B5: =YEAR(A5) -> 2023 | C5: =MONTH(A5) -> 1 | D5: MSC | E5: 11061 | F5: 7657 | G5: 13168083042 | H5: 29 | I5: 52.13
A6: 44931 | B6: =YEAR(A6) -> 2023 | C6: =MONTH(A6) -> 1 | D6: MSK | E6: 9145 | F6: 5700 | G6: 10435664983 | H6: 28.8 | I6: 74.83
A7: 44932 | B7: =YEAR(A7) -> 2023 | C7: =MONTH(A7) -> 1 | D7: COS | E7: 8393 | F7: 5678 | G7: 9725904427 | H7: 32.7 | I7: 68.11
A8: 44933 | B8: =YEAR(A8) -> 2023 | C8: =MONTH(A8) -> 1 | D8: WHL | E8: 7155 | F8: 4721 | G8: 8407390538 | H8: 26.5 | I8: 42.46
A9: 44934 | B9: =YEAR(A9) -> 2023 | C9: =MONTH(A9) -> 1 | D9: PIL | E9: 5757 | F9: 3893 | G9: 6714230932 | H9: 31 | I9: 57.22
A10: 44935 | B10: =YEAR(A10) -> 2023 | C10: =MONTH(A10) -> 1 | D10: RCL | E10: 3889 | F10: 2691 | G10: 4541270822 | H10: 23.9 | I10: 42.06
A11: 44936 | B11: =YEAR(A11) -> 2023 | C11: =MONTH(A11) -> 1 | D11: SIT | E11: 3208 | F11: 2210 | G11: 3936766752 | H11: 24 | I11: 30.29
A12: 44937 | B12: =YEAR(A12) -> 2023 | C12: =MONTH(A12) -> 1 | D12: CMA | E12: 3191 | F12: 2219 | G12: 3599164731 | H12: 26.9 | I12: 63.15
A13: 44938 | B13: =YEAR(A13) -> 2023 | C13: =MONTH(A13) -> 1 | D13: YML | E13: 2132 | F13: 1400 | G13: 2349174700 | H13: 27.3 | I13: 45.25
... A16: 44941 | B16: =YEAR(A16) -> 2023 | C16: =MONTH(A16) -> 1 | D16: OOL | E16: 975 | F16: 690 | G16: 1125059378 | H16: 34.6 | I16: 72.74
A17: 44941 | B17: =YEAR(A17) -> 2023 | C17: 1 | D17: ONE | E17: 911 | F17: 643 | G17: 1087991525 | H17: 25.1 | I17: 48.71
A18: 44958 | B18: =YEAR(A18) -> 2023 | C18: =MONTH(A18) -> 2 | D18: MSK | E18: 13960 | F18: 8933 | G18: 15836582394 | H18: 32 | I18: 67.57
A19: 44959 | B19: =YEAR(A19) -> 2023 | C19: =MONTH(A19) -> 2 | D19: SSL | E19: 12920 | F19: 8370 | G19: 14457141551 | H19: 33.7 | I19: 81.39
A20: 44960 | B20: =YEAR(A20) -> 2023 | C20: =MONTH(A20) -> 2 | D20: EMC | E20: 12126 | F20: 8386 | G20: 13294331286 | H20: 32.8 | I20: 56.29
A21: 44961 | B21: =YEAR(A21) -> 2023 | C21: =MONTH(A21) -> 2 | D21: COS | E21: 10441 | F21: 6975 | G21: 11775696904 | H21: 31 | I21: 64.34
A22: 44962 | B22: =YEAR(A22) -> 2023 | C22: =MONTH(A22) -> 2 | D22: CNC | E22: 10031 | F22: 6554 | G22: 11236123104 | H22: 28.8 | I22: 45.8
A23: 44963 | B23: =YEAR(A23) -> 2023 | C23: =MONTH(A23) -> 2 | D23: MSC | E23: 8400 | F23: 5950 | G23: 10009211505 | H23: 29.1 | I23: 45.78
A24: 44964 | B24: =YEAR(A24) -> 2023 | C24: =MONTH(A24) -> 2 | D24: WHL | E24: 7406 | F24: 4639 | G24: 8221317255 | H24: 24.4 | I24: 39.45
A25: 44965 | B25: =YEAR(A25) -> 2023 | C25: =MONTH(A25) -> 2 | D25: RCL | E25: 6379 | F25: 4462 | G25: 7159027892 | H25: 23 | I25: 44.07
A26: 44966 | B26: =YEAR(A26) -> 2023 | C26: =MONTH(A26) -> 2 | D26: OOL | E26: 2465 | F26: 1627 | G26: 2745250265 | H26: 27.3 | I26: 51.77
A27: 44967 | B27: =YEAR(A27) -> 2023 | C27: =MONTH(A27) -> 2 | D27: KMT | E27: 2410 | F27: 1778 | G27: 2897676897 | H27: 23.6 | I27: 38.54
A28: 44968 | B28: =YEAR(A28) -> 2023 | C28: =MONTH(A28) -> 2 | D28: CMA | E28: 2389 | F28: 1678 | G28: 2650267790 | H28: 36.1 | I28: 77.54
A29: 44969 | B29: =YEAR(A29) -> 2023 | C29: =MONTH(A29) -> 2 | D29: SIT | E29: 2332 | F29: 1656 | G29: 2825192352 | H29: 23.1 | I29: 24.6
... A265: 45352 | B265: =YEAR(A265) -> 2024 | C265: =MONTH(A265) -> 3 | D265: WHL | E265: 8205 | F265: 5248 | G265: 9529785171 | H265: 19.44 | I265: 39.67
A266: 04/2024 | B266: =YEAR(A266) -> 2024 | C266: =MONTH(A266) -> 4 | D266: ANL | E266: 225 | F266: 164 | G266: 3.5590419e+08 | H266: 16.83 | I266: 5.66
A267: 04/2024 | B267: =YEAR(A267) -> 2024 | C267: =MONTH(A267) -> 4 | D267: CMA | E267: 1367 | F267: 946 | G267: 1890733836 | H267: 14.94 | I267: 28.27
A268: 04/2024 | B268: =YEAR(A268) -> 2024 | C268: =MONTH(A268) -> 4 | D268: CNC | E268: 21259 | F268: 13245 | G268: 24885254849 | H268: 26.35 | I268: 64.36
A269: 04/2024 | B269: =YEAR(A269) -> 2024 | C269: =MONTH(A269) -> 4 | D269: COS | E269: 9228 | F269: 6050 | G269: 10800948958 | H269: 28.46 | I269: 80.44
A270: 04/2024 | B270: =YEAR(A270) -> 2024 | C270: =MONTH(A270) -> 4 | D270: EMC | E270: 11721 | F270: 7902 | G270: 13716442705 | H270: 23.31 | I270: 43.17
A271: 04/2024 | B271: =YEAR(A271) -> 2024 | C271: =MONTH(A271) -> 4 | D271: GSL | E271: 1034 | F271: 761 | G271: 1268331088 | H271: 21.54 | I271: 47.32
A272: 04/2024 | B272: =YEAR(A272) -> 2024 | C272: =MONTH(A272) -> 4 | D272: KMT | E272: 1992 | F272: 1448 | G272: 2527601857 | H272: 24.11 | I272: 42.77
A273: 04/2024 | B273: =YEAR(A273) -> 2024 | C273: =MONTH(A273) -> 4 | D273: LMA | E273: 345 | F273: 207 | G273: 3.8070553e+08 | H273: 17.9 | I273: 15.34
A274: 04/2024 | B274: =YEAR(A274) -> 2024 | C274: =MONTH(A274) -> 4 | D274: MSC | E274: 4032 | F274: 2754 | G274: 4871552782 | H274: 20.91 | I274: 50.24
A275: 04/2024 | B275: =YEAR(A275) -> 2024 | C275: =MONTH(A275) -> 4 | D275: MSK | E275: 16631 | F275: 10281 | G275: 19830327302 | H275: 29.53 | I275: 80.39
A276: 04/2024 | B276: =YEAR(A276) -> 2024 | C276: =MONTH(A276) -> 4 | D276: NSS | E276: 775 | F276: 516 | G276: 9.1383138e+08 | H276: 24.59 | I276: 51.38
A277: 04/2024 | B277: =YEAR(A277) -> 2024 | C277: =MONTH(A277) -> 4 | D277: ONE | E277: 1900 | F277: 1400 | G277: 2311794746 | H277: 30.43 | I277: 63.41
... A283: 04/2024 | B283: =YEAR(A283) -> 2024 | C283: =MONTH(A283) -> 4 | D283: WHL | E283: 4331 | F283: 2857 | G283: 5331497040 | H283: 21.64 | I283: 48.86
A284: 45413 | B284: =YEAR(A284) -> 2024 | C284: =MONTH(A284) -> 5 | D284: ANL | E284: 445 | F284: 281 | G284: 5.744219e+08 | H284: 19.93 | I284: 8.86
A285: 45413 | B285: =YEAR(A285) -> 2024 | C285: =MONTH(A285) -> 5 | D285: CMA | E285: 1163 | F285: 804 | G285: 1575586975 | H285: 17.14 | I285: 40.78
A286: 45413 | B286: =YEAR(A286) -> 2024 | C286: =MONTH(A286) -> 5 | D286: CNC | E286: 24807 | F286: 15631 | G286: 29125886033 | H286: 26.81 | I286: 67.8
A287: 45413 | B287: =YEAR(A287) -> 2024 | C287: =MONTH(A287) -> 5 | D287: COS | E287: 10182 | F287: 6586 | G287: 11788976642 | H287: 31.43 | I287: 93.39
A288: 45413 | B288: =YEAR(A288) -> 2024 | C288: =MONTH(A288) -> 5 | D288: EMC | E288: 18527 | F288: 12488 | G288: 21300505112 | H288: 25.01 | I288: 49.97
A289: 45413 | B289: =YEAR(A289) -> 2024 | C289: =MONTH(A289) -> 5 | D289: GSL | E289: 2641 | F289: 1843 | G289: 3062752930 | H289: 20.93 | I289: 42.11
A290: 45413 | B290: =YEAR(A290) -> 2024 | C290: =MONTH(A290) -> 5 | D290: KMT | E290: 2934 | F290: 2055 | G290: 3714544990 | H290: 21.05 | I290: 34.49
A291: 45413 | B291: =YEAR(A291) -> 2024 | C291: =MONTH(A291) -> 5 | D291: LMA | E291: 98 | F291: 58 | G291: 1.0253715e+08 | H291: 24.48 | I291: 14.2
A292: 45413 | B292: =YEAR(A292) -> 2024 | C292: =MONTH(A292) -> 5 | D292: MSC | E292: 17664 | F292: 11931 | G292: 21522149399 | H292: 23.4 | I292: 57.73
A293: 45413 | B293: =YEAR(A293) -> 2024 | C293: =MONTH(A293) -> 5 | D293: MSK | E293: 11035 | F293: 6923 | G293: 13315891938 | H293: 29.68 | I293: 78.6
A294: 45413 | B294: =YEAR(A294) -> 2024 | C294: =MONTH(A294) -> 5 | D294: NSS | E294: 1164 | F294: 830 | G294: 1441342599 | H294: 17.52 | I294: 33.59
A295: 45413 | B295: =YEAR(A295) -> 2024 | C295: =MONTH(A295) -> 5 | D295: ONE | E295: 7304 | F295: 4671 | G295: 8180121452 | H295: 26.74 | I295: 57.66
... A362: 45505 | B362: =YEAR(A362) -> 2024 | C362: =MONTH(A362) -> 8 | D362: YML | E362: 958 | F362: 658 | G362: 1140330892 | H362: 19.26 | I362: 40.87
A363: 45536 | B363: =YEAR(A363) -> 2024 | C363: 9 | D363: ANL | E363: 625 | F363: 462 | G363: 665972828 | H363: 20.54 | I363: 12.59
A364: 45536 | B364: =YEAR(A364) -> 2024 | C364: 9 | D364: CMA | E364: 2403 | F364: 1519 | G364: 2861638942 | H364: 20.67 | I364: 36.97
A365: 45536 | B365: =YEAR(A365) -> 2024 | C365: 9 | D365: CNC | E365: 18852 | F365: 11411 | G365: 21162513321 | H365: 28.47 | I365: 73.53
A366: 45536 | B366: =YEAR(A366) -> 2024 | C366: 9 | D366: EMC | E366: 16474 | F366: 10280 | G366: 18561466186 | H366: 24.69 | I366: 49.03
A367: 45536 | B367: =YEAR(A367) -> 2024 | C367: 9 | D367: GSL | E367: 1368 | F367: 994 | G367: 1609744224 | H367: 23.37 | I367: 52.9
A368: 45536 | B368: =YEAR(A368) -> 2024 | C368: 9 | D368: KMT | E368: 2657 | F368: 1797 | G368: 3283409699 | H368: 21.74 | I368: 37.45
A369: 45536 | B369: =YEAR(A369) -> 2024 | C369: 9 | D369: NSS | E369: 1372 | F369: 867 | G369: 1544877019 | H369: 22.05 | I369: 54.57
A370: 45536 | B370: =YEAR(A370) -> 2024 | C370: 9 | D370: ONE | E370: 3026 | F370: 1908 | G370: 3508579410 | H370: 24.02 | I370: 45.76
A371: 45536 | B371: =YEAR(A371) -> 2024 | C371: 9 | D371: RCL | E371: 1042 | F371: 697 | G371: 1300284275 | H371: 20.06 | I371: 30.19
A372: 45536 | B372: =YEAR(A372) -> 2024 | C372: 9 | D372: SIT | E372: 4125 | F372: 2668 | G372: 4995180741 | H372: 17.8 | I372: 32.53
A373: 45536 | B373: =YEAR(A373) -> 2024 | C373: 9 | D373: TSL | E373: 1129 | F373: 723 | G373: 1300211113 | H373: 18.29 | I373: 40.89
A374: 45536 | B374: =YEAR(A374) -> 2024 | C374: 9 | D374: YML | E374: 2335 | F374: 1603 | G374: 2739440619 | H374: 20.76 | I374: 45.22
... A421: 45597 | B421: =YEAR(A421) -> 2024 | C421: 11 | D421: BEN | E421: 231 | F421: 155 | G421: 268927283 | H421: 47.8 | I421: 24.26
A422: 45627 | B422: =YEAR(A422) -> 2024 | C422: =MONTH(A422) -> 12 | D422: CMA | E422: 288469 | F422: 178531 | G422: 340040467321 | H422: 25 | I422: 55
A423: 45628 | B423: =YEAR(A423) -> 2024 | C423: =MONTH(A423) -> 12 | D423: SSL | E423: 240569 | F423: 161359 | G423: 287071450311 | H423: 27 | I423: 64
A424: 45629 | B424: =YEAR(A424) -> 2024 | C424: =MONTH(A424) -> 12 | D424: MSK | E424: 211877 | F424: 132139 | G424: 251546902253 | H424: 28 | I424: 72
A425: 45630 | B425: =YEAR(A425) -> 2024 | C425: =MONTH(A425) -> 12 | D425: EMC | E425: 190024 | F425: 123568 | G425: 220053018582 | H425: 25 | I425: 49
A426: 45631 | B426: =YEAR(A426) -> 2024 | C426: =MONTH(A426) -> 12 | D426: MSC | E426: 140638 | F426: 93949 | G426: 168986165233 | H426: 24 | I426: 52
A427: 45632 | B427: =YEAR(A427) -> 2024 | C427: =MONTH(A427) -> 12 | D427: COS | E427: 117799 | F427: 76829 | G427: 139626259541 | H427: 28 | I427: 72
A428: 45633 | B428: =YEAR(A428) -> 2024 | C428: =MONTH(A428) -> 12 | D428: WHL | E428: 64063 | F428: 41766 | G428: 79314424243 | H428: 21 | I428: 44
A429: 45634 | B429: =YEAR(A429) -> 2024 | C429: =MONTH(A429) -> 12 | D429: SIT | E429: 48443 | F429: 32005 | G429: 61491938158 | H429: 21 | I429: 37
A430: 45635 | B430: =YEAR(A430) -> 2024 | C430: =MONTH(A430) -> 12 | D430: OOL | E430: 43840 | F430: 29111 | G430: 51541590944 | H430: 25 | I430: 60
A431: 45636 | B431: =YEAR(A431) -> 2024 | C431: =MONTH(A431) -> 12 | D431: ONE | E431: 38906 | F431: 25158 | G431: 46017255364 | H431: 25 | I431: 50
A432: 45637 | B432: =YEAR(A432) -> 2024 | C432: =MONTH(A432) -> 12 | D432: KMT | E432: 31720 | F432: 22179 | G432: 39877022798 | H432: 22 | I432: 39
A433: 45638 | B433: =YEAR(A433) -> 2024 | C433: =MONTH(A433) -> 12 | D433: GSL | E433: 22138 | F433: 15955 | G433: 26827636295 | H433: 24 | I433: 48
... A518: 45742 | B518: =YEAR(A518) -> 2025 | C518: =MONTH(A518) -> 3 | D518: BEN | E518: 496 | F518: 420 | G518: 657189237 | H518: 24 | I518: 15
A519: 45742 | B519: =YEAR(A519) -> 2025 | C519: =MONTH(A519) -> 3 | D519: HPL | E519: - | F519: - | G519: 0 | H519: - | I519: -
A520: 45742 | B520: =YEAR(A520) -> 2025 | C520: =MONTH(A520) -> 3 | D520: PIL | E520: - | F520: - | G520: 0 | H520: - | I520: -
A521: 45742 | B521: =YEAR(A521) -> 2025 | C521: =MONTH(A521) -> 3 | D521: KAL | E521: - | F521: - | G521: 0 | H521: - | I521: -
A522: 45742 | B522: =YEAR(A522) -> 2025 | C522: =MONTH(A522) -> 3 | D522: XCL | E522: - | F522: - | G522: 0 | H522: - | I522: -
A523: 45742 | B523: =YEAR(A523) -> 2025 | C523: =MONTH(A523) -> 3 | D523: KSL | E523: - | F523: - | G523: 0 | H523: - | I523: -
A524: 45742 | B524: =YEAR(A524) -> 2025 | C524: =MONTH(A524) -> 3 | D524: ACL | E524: - | F524: - | G524: 0 | H524: - | I524: -
A525: 45742 | B525: =YEAR(A525) -> 2025 | C525: =MONTH(A525) -> 3 | D525: ESL | E525: - | F525: - | G525: 0 | H525: - | I525: -

Sheet BAR DOM
A1: DATE | B1: YEAR | C1: MONTH | D1: LOP | E1: TEUS | F1: BOX | G1: DPP | H1: BCH | I1: BSH
A2: 44927 | B2: =YEAR(A2) -> 2023 | C2: =MONTH(A2) -> 1 | D2: SPI | E2: 548 | F2: 477 | G2: 227765975 | H2: 23.77 | I2: 19.44
A3: 44928 | B3: =YEAR(A3) -> 2023 | C3: =MONTH(A3) -> 1 | D3: TIL | E3: 4170 | F3: 3762 | G3: 2113335293 | H3: 25.56 | I3: 17.3
A4: 44958 | B4: =YEAR(A4) -> 2023 | C4: =MONTH(A4) -> 2 | D4: TIL | E4: 4091 | F4: 3729 | G4: 1931500188 | H4: 25 | I4: 16
A5: 44959 | B5: =YEAR(A5) -> 2023 | C5: =MONTH(A5) -> 2 | D5: SPI | E5: 180 | F5: 168 | G5: 96700294 | H5: 24 | I5: 12
A6: 44986 | B6: =YEAR(A6) -> 2023 | C6: =MONTH(A6) -> 3 | D6: TIL | E6: 6209 | F6: 5468 | G6: 2773457701 | H6: 28 | I6: 18
A7: 44987 | B7: =YEAR(A7) -> 2023 | C7: =MONTH(A7) -> 3 | D7: SPI | E7: 923 | F7: 860 | G7: 622549497 | H7: 21 | I7: 14
A8: 45017 | B8: =YEAR(A8) -> 2023 | C8: =MONTH(A8) -> 4 | D8: TIL | E8: 4123 | F8: 3647 | G8: 1887616843 | H8: 26 | I8: 19
A9: 45018 | B9: =YEAR(A9) -> 2023 | C9: =MONTH(A9) -> 4 | D9: SPI | E9: 0 | F9: 0 | G9: 0 | H9: 0 | I9: 0
A10: 45019 | B10: =YEAR(A10) -> 2023 | C10: =MONTH(A10) -> 4 | D10: TAS | E10: 393 | F10: 329 | G10: 249286874 | H10: 21 | I10: 14
A11: 45047 | B11: =YEAR(A11) -> 2023 | C11: =MONTH(A11) -> 5 | D11: TIL | E11: 2915 | F11: 2639 | G11: 1686764192 | H11: 25 | I11: 19
A12: 45048 | B12: =YEAR(A12) -> 2023 | C12: =MONTH(A12) -> 5 | D12: SPI | E12: 0 | F12: 0 | G12: 0 | H12: 0 | I12: 0
A13: 45049 | B13: =YEAR(A13) -> 2023 | C13: =MONTH(A13) -> 5 | D13: TAS | E13: 727 | F13: 567 | G13: 371938289 | H13: 20 | I13: 21
... A75: 45413 | B75: =YEAR(A75) -> 2024 | C75: =MONTH(A75) -> 5 | D75: PNJ | E75: 0 | F75: 0 | G75: 0 | H75: 0 | I75: 0
A76: 45413 | B76: =YEAR(A76) -> 2024 | C76: =MONTH(A76) -> 5 | D76: TAS | E76: - | F76: - | G76: Rp- | H76: - | I76: -
A77: 45444 | B77: =YEAR(A77) -> 2024 | C77: =MONTH(A77) -> 6 | D77: TIL | E77: 3982 | F77: 3642 | G77: 1864907539 | H77: 29 | I77: 23
A78: 45444 | B78: =YEAR(A78) -> 2024 | C78: =MONTH(A78) -> 6 | D78: SPI | E78: 2583 | F78: 2352 | G78: 1394637184 | H78: 21 | I78: 14
A79: 45444 | B79: =YEAR(A79) -> 2024 | C79: =MONTH(A79) -> 6 | D79: MPN | E79: 1828 | F79: 1016 | G79: 1753069425 | H79: 48 | I79: 54
A80: 45444 | B80: =YEAR(A80) -> 2024 | C80: =MONTH(A80) -> 6 | D80: ICON | E80: 0 | F80: 0 | G80: 0 | H80: 0 | I80: 0
A81: 45444 | B81: =YEAR(A81) -> 2024 | C81: =MONTH(A81) -> 6 | D81: PNJ | E81: 54 | F81: 46 | G81: 29756500 | H81: 27 | I81: 10
A82: 45444 | B82: =YEAR(A82) -> 2024 | C82: =MONTH(A82) -> 6 | D82: TAS | E82: 0 | F82: 0 | G82: 0 | H82: 0 | I82: 0
A83: 45474 | B83: =YEAR(A83) -> 2024 | C83: =MONTH(A83) -> 7 | D83: SPI | E83: 2069 | F83: 1918 | G83: 1234651848 | H83: 26 | I83: 57
A84: 45475 | B84: =YEAR(A84) -> 2024 | C84: =MONTH(A84) -> 7 | D84: MPN | E84: 242 | F84: 232 | G84: 84771495 | H84: 25 | I84: 47
A85: 45476 | B85: =YEAR(A85) -> 2024 | C85: =MONTH(A85) -> 7 | D85: MAA | E85: 0 | F85: 0 | G85: 0 | H85: 0 | I85: 0
A86: 45477 | B86: =YEAR(A86) -> 2024 | C86: =MONTH(A86) -> 7 | D86: ICN | E86: 503 | F86: 398 | G86: 186379965 | H86: 27 | I86: 70
A87: 45478 | B87: =YEAR(A87) -> 2024 | C87: =MONTH(A87) -> 7 | D87: TAS | E87: 0 | F87: 0 | G87: 0 | H87: 0 | I87: 0
A88: 45479 | B88: =YEAR(A88) -> 2024 | C88: =MONTH(A88) -> 7 | D88: CTP | E88: 0 | F88: 0 | G88: 0 | H88: 0 | I88: 0
... A103: 45536 | B103: =YEAR(A103) -> 2024 | C103: =MONTH(A103) -> 9 | D103: TIL | E103: 4980 | F103: 4458 | G103: 2289820635 | H103: 26.36 | I103: 20.22
A104: 45566 | B104: 2024 | C104: 10 | D104: SPI | E104: 711 | F104: 624 | G104: 324916395 | H104: 16 | I104: 12
A105: 45566 | B105: 2024 | C105: 10 | D105: TIL | E105: 4980 | F105: 4458 | G105: 2289820635 | H105: 26 | I105: 20
A106: 45566 | B106: 2024 | C106: 10 | D106: MPN | E106: 19 | F106: 12 | G106: 8480494 | H106: 28 | I106: 1
A107: 45566 | B107: 2024 | C107: 10 | D107: ICN | E107: 134 | F107: 100 | G107: 41787020 | H107: 17 | I107: 20
A108: 45567 | B108: 2024 | C108: 10 | D108: PNJ | E108: 61 | F108: 56 | G108: 32059377 | H108: 39 | I108: 15
A109: 45597 | B109: 2024 | C109: 11 | D109: SPI | E109: 1067 | F109: 836 | G109: 385967359 | H109: 18 | I109: 15
A110: 45597 | B110: 2024 | C110: 11 | D110: MPN | E110: 641 | F110: 516 | G110: 259250047 | H110: 21 | I110: 14
A111: 45597 | B111: 2024 | C111: 11 | D111: MAA | E111: 0 | F111: 0 | G111: 0 | H111: 0 | I111: 0
A112: 45597 | B112: 2024 | C112: 11 | D112: ICN | E112: 152 | F112: 132 | G112: 48093290 | H112: 23 | I112: 7
A113: 45597 | B113: 2024 | C113: 11 | D113: TIL | E113: 4401 | F113: 3941 | G113: 1979038105 | H113: 27 | I113: 20
A114: 45597 | B114: 2024 | C114: 11 | D114: PNJ | E114: 0 | F114: 0 | G114: 0 | H114: 0 | I114: 0
A115: 45627 | B115: =YEAR(A115) -> 2024 | C115: =MONTH(A115) -> 12 | D115: TIL | E115: 47565 | F115: 42760 | G115: 21515092429 | H115: 27 | I115: 22
A116: 45628 | B116: =YEAR(A116) -> 2024 | C116: =MONTH(A116) -> 12 | D116: SPI | E116: 23645 | F116: 21183 | G116: 13111255684 | H116: 20 | I116: 18
A117: 45629 | B117: =YEAR(A117) -> 2024 | C117: =MONTH(A117) -> 12 | D117: MPN | E117: 3130 | F117: 2642 | G117: 1471449624 | H117: 22 | I117: 15
A118: 45630 | B118: =YEAR(A118) -> 2024 | C118: =MONTH(A118) -> 12 | D118: MAA | E118: 1638 | F118: 851 | G118: 1657678972 | H118: 21 | I118: 39
A119: 45631 | B119: =YEAR(A119) -> 2024 | C119: =MONTH(A119) -> 12 | D119: ICN | E119: 1386 | F119: 1132 | G119: 456129051 | H119: 22 | I119: 26
A120: 45632 | B120: =YEAR(A120) -> 2024 | C120: =MONTH(A120) -> 12 | D120: PNJ | E120: 671 | F120: 621 | G120: 376302903 | H120: 27 | I120: 18
A121: 45633 | B121: =YEAR(A121) -> 2024 | C121: =MONTH(A121) -> 12 | D121: TAS | E121: 0 | F121: 0 | G121: 0 | H121: 0 | I121: 0
A122: 45634 | B122: =YEAR(A122) -> 2024 | C122: =MONTH(A122) -> 12 | D122: CTP | E122: 0 | F122: 0 | G122: 0 | H122: 0 | I122: 0
A123: 45658 | B123: =YEAR(A123) -> 2025 | C123: =MONTH(A123) -> 1 | D123: TIL | E123: 4397 | F123: 3905 | G123: 2091200473 | H123: 27 | I123: 16
A124: 45659 | B124: =YEAR(A124) -> 2025 | C124: =MONTH(A124) -> 1 | D124: SPI | E124: 921 | F124: 851 | G124: 330250895 | H124: 22 | I124: 16
A125: 45660 | B125: =YEAR(A125) -> 2025 | C125: =MONTH(A125) -> 1 | D125: ICN | E125: 377 | F125: 321 | G125: 125732785 | H125: 27 | I125: 14
A126: 45661 | B126: =YEAR(A126) -> 2025 | C126: =MONTH(A126) -> 1 | D126: MPN | E126: 244 | F126: 166 | G126: 63754467 | H126: 19 | I126: 13
... A138: 45696 | B138: =YEAR(A138) -> 2025 | C138: =MONTH(A138) -> 2 | D138: CTP | E138: 0 | F138: 0 | G138: 0 | H138: 0 | I138: 0
